categoryName,category,count
국내도서>가정/요리/뷰티>가계부,국내도서>가정/요리/뷰티>가계부,1
국내도서>가정/요리/뷰티>결혼/가족>부부관계,국내도서>가정/요리/뷰티>결혼/가족>부부관계,1
국내도서>가정/요리/뷰티>나라별 요리>한국요리,국내도서>가정/요리/뷰티>나라별 요리>한국요리,1
국내도서>가정/요리/뷰티>음식 이야기,국내도서>가정/요리/뷰티>음식 이야기,1
국내도서>가정/요리/뷰티>제과제빵,국내도서>가정/요리/뷰티>제과제빵,1
국내도서>건강/취미/레저>건강운동>요가/체조/스트레칭,국내도서>건강/취미/레저>건강운동>요가/체조/스트레칭,1
국내도서>건강/취미/레저>건강정보>건강에세이/건강정보,국내도서>건강/취미/레저>건강정보>건강에세이/건강정보,4
국내도서>건강/취미/레저>건강정보>건강에세이/건강정보,국내도서>건강/취미/레저>구기>야구,1
국내도서>건강/취미/레저>건강정보>건강에세이/건강정보,국내도서>건강/취미/레저>다이어트,1
국내도서>건강/취미/레저>건강정보>건강에세이/건강정보,국내도서>건강/취미/레저>반려동물,1
국내도서>건강/취미/레저>구기>야구,국내도서>건강/취미/레저>원예>화훼,2
국내도서>건강/취미/레저>다이어트,국내도서>건강/취미/레저>취미기타>기타,2
국내도서>건강/취미/레저>반려동물,국내도서>건강/취미/레저>퍼즐/스도쿠/퀴즈,2
국내도서>건강/취미/레저>원예>화훼,국내도서>경제경영>[경제경영 사상가 20인]>피터 드러커,1
국내도서>건강/취미/레저>원예>화훼,국내도서>경제경영>[포브스 100대 기업]>애플,1
국내도서>건강/취미/레저>취미기타>기타,국내도서>경제경영>[포브스 100대 기업]>월트디즈니,1
국내도서>건강/취미/레저>취미기타>기타,국내도서>경제경영>CEO/비즈니스맨을 위한 능력계발>기획/정보/문서관리,1
국내도서>건강/취미/레저>퍼즐/스도쿠/퀴즈,국내도서>경제경영>CEO/비즈니스맨을 위한 능력계발>화술/협상/프레젠테이션,1
국내도서>건강/취미/레저>퍼즐/스도쿠/퀴즈,국내도서>경제경영>경제학/경제일반>경제사/경제전망>세계 경제사/경제전망,12
국내도서>경제경영>[경제경영 사상가 20인]>피터 드러커,국내도서>경제경영>경제학/경제일반>경제사/경제전망>한국 경제사/경제전망,5
국내도서>경제경영>[포브스 100대 기업]>애플,국내도서>경제경영>경제학/경제일반>경제이론/경제사상,4
국내도서>경제경영>[포브스 100대 기업]>월트디즈니,국내도서>경제경영>경제학/경제일반>경제이야기,4
국내도서>경제경영>CEO/비즈니스맨을 위한 능력계발>기획/정보/문서관리,국내도서>경제경영>경제학/경제일반>경제정책/비평,2
국내도서>경제경영>CEO/비즈니스맨을 위한 능력계발>화술/협상/프레젠테이션,국내도서>경제경영>경제학/경제일반>화폐/금융/재정,3
국내도서>경제경영>경제학/경제일반>경제사/경제전망>세계 경제사/경제전망,국내도서>경제경영>기업 경영>e-비즈니스,3
국내도서>경제경영>경제학/경제일반>경제사/경제전망>세계 경제사/경제전망,국내도서>경제경영>기업 경영>경영 일반,11
국내도서>경제경영>경제학/경제일반>경제사/경제전망>세계 경제사/경제전망,국내도서>경제경영>기업 경영>경영전략/혁신,10
국내도서>경제경영>경제학/경제일반>경제사/경제전망>세계 경제사/경제전망,국내도서>경제경영>기업 경영>세무/재무/회계,6
국내도서>경제경영>경제학/경제일반>경제사/경제전망>세계 경제사/경제전망,국내도서>경제경영>기업 경영>조직/인력/성과관리,3
국내도서>경제경영>경제학/경제일반>경제사/경제전망>세계 경제사/경제전망,국내도서>경제경영>기업/경영자 스토리>국외 기업/경영자,3
국내도서>경제경영>경제학/경제일반>경제사/경제전망>세계 경제사/경제전망,국내도서>경제경영>마케팅/세일즈>광고/홍보/PR,1
국내도서>경제경영>경제학/경제일반>경제사/경제전망>세계 경제사/경제전망,국내도서>경제경영>마케팅/세일즈>네트워크 마케팅,1
국내도서>경제경영>경제학/경제일반>경제사/경제전망>세계 경제사/경제전망,국내도서>경제경영>마케팅/세일즈>마케팅/브랜드,9
국내도서>경제경영>경제학/경제일반>경제사/경제전망>세계 경제사/경제전망,국내도서>경제경영>마케팅/세일즈>모바일/SNS,3
국내도서>경제경영>경제학/경제일반>경제사/경제전망>세계 경제사/경제전망,국내도서>경제경영>마케팅/세일즈>트렌드/미래예측,10
국내도서>경제경영>경제학/경제일반>경제사/경제전망>세계 경제사/경제전망,국내도서>경제경영>재테크/투자>가상/암호화폐,2
국내도서>경제경영>경제학/경제일반>경제사/경제전망>한국 경제사/경제전망,국내도서>경제경영>재테크/투자>부동산/경매,30
국내도서>경제경영>경제학/경제일반>경제사/경제전망>한국 경제사/경제전망,국내도서>경제경영>재테크/투자>재테크/투자 일반,28
국내도서>경제경영>경제학/경제일반>경제사/경제전망>한국 경제사/경제전망,국내도서>경제경영>재테크/투자>주식/펀드,50
국내도서>경제경영>경제학/경제일반>경제사/경제전망>한국 경제사/경제전망,국내도서>경제경영>창업/취업/은퇴>벤처/스타트업/인터넷창업,1
국내도서>경제경영>경제학/경제일반>경제사/경제전망>한국 경제사/경제전망,국내도서>경제경영>창업/취업/은퇴>창업정보,1
국내도서>경제경영>경제학/경제일반>경제이론/경제사상,국내도서>고등학교참고서>수능대비>수학영역,1
국내도서>경제경영>경제학/경제일반>경제이론/경제사상,국내도서>고등학교참고서>수능모의고사/기출>과학탐구,1
국내도서>경제경영>경제학/경제일반>경제이론/경제사상,국내도서>고전>서양고전문학>서양고대문학,2
국내도서>경제경영>경제학/경제일반>경제이론/경제사상,국내도서>과학>공학>공학 일반,1
국내도서>경제경영>경제학/경제일반>경제이야기,국내도서>과학>공학>기계공학,1
국내도서>경제경영>경제학/경제일반>경제이야기,국내도서>과학>과학사회학(STS),1
국내도서>경제경영>경제학/경제일반>경제이야기,국내도서>과학>과학의 이해>과학고전,2
국내도서>경제경영>경제학/경제일반>경제이야기,국내도서>과학>과학의 이해>과학사/기술사,3
국내도서>경제경영>경제학/경제일반>경제정책/비평,국내도서>과학>과학의 이해>과학사상,1
국내도서>경제경영>경제학/경제일반>경제정책/비평,국내도서>과학>기초과학/교양과학,41
국내도서>경제경영>경제학/경제일반>화폐/금융/재정,국내도서>과학>농업>생태농업,1
국내도서>경제경영>경제학/경제일반>화폐/금융/재정,국내도서>과학>뇌과학>뇌과학 일반,7
국내도서>경제경영>경제학/경제일반>화폐/금융/재정,국내도서>과학>동물과 식물>곤충,2
국내도서>경제경영>기업 경영>e-비즈니스,국내도서>과학>동물과 식물>꽃과 나무,1
국내도서>경제경영>기업 경영>e-비즈니스,국내도서>과학>동물과 식물>식물 일반,4
국내도서>경제경영>기업 경영>e-비즈니스,국내도서>과학>물리학>물리학 일반,5
국내도서>경제경영>기업 경영>경영 일반,국내도서>과학>물리학>상대성이론,1
국내도서>경제경영>기업 경영>경영 일반,국내도서>과학>물리학>쉽게 배우는 물리학,4
국내도서>경제경영>기업 경영>경영 일반,국내도서>과학>물리학>양자역학,1
국내도서>경제경영>기업 경영>경영 일반,국내도서>과학>물리학>현대물리학,1
국내도서>경제경영>기업 경영>경영 일반,국내도서>과학>발명/발견,1
국내도서>경제경영>기업 경영>경영 일반,국내도서>과학>생명과학>생명과학,4
국내도서>경제경영>기업 경영>경영 일반,국내도서>과학>생명과학>생물학,6
국내도서>경제경영>기업 경영>경영 일반,국내도서>과학>생명과학>생태학,2
국내도서>경제경영>기업 경영>경영 일반,국내도서>과학>생명과학>진화론,3
국내도서>경제경영>기업 경영>경영 일반,국내도서>과학>수학>수학 일반,6
국내도서>경제경영>기업 경영>경영 일반,국내도서>과학>수학>쉽게 배우는 수학,3
국내도서>경제경영>기업 경영>경영전략/혁신,국내도서>과학>수학>확률/통계학,3
국내도서>경제경영>기업 경영>경영전략/혁신,국내도서>과학>의학,3
국내도서>경제경영>기업 경영>경영전략/혁신,국내도서>과학>인체의 이해,5
국내도서>경제경영>기업 경영>경영전략/혁신,국내도서>과학>지구과학>기상학/기후,4
국내도서>경제경영>기업 경영>경영전략/혁신,국내도서>과학>지구과학>지구,4
국내도서>경제경영>기업 경영>경영전략/혁신,국내도서>과학>지구과학>해양과학,1
국내도서>경제경영>기업 경영>경영전략/혁신,국내도서>과학>천문학>우주과학,7
국내도서>경제경영>기업 경영>경영전략/혁신,국내도서>과학>화학>일반화학,1
국내도서>경제경영>기업 경영>경영전략/혁신,국내도서>달력/기타>출판사 제작 상품,2
국내도서>경제경영>기업 경영>경영전략/혁신,국내도서>대학교재/전문서적>경상계열>경영학,3
국내도서>경제경영>기업 경영>세무/재무/회계,국내도서>대학교재/전문서적>경상계열>광고/마케팅,1
국내도서>경제경영>기업 경영>세무/재무/회계,국내도서>대학교재/전문서적>경상계열>무역,1
국내도서>경제경영>기업 경영>세무/재무/회계,국내도서>대학교재/전문서적>경상계열>세무/회계,2
국내도서>경제경영>기업 경영>세무/재무/회계,국내도서>대학교재/전문서적>경상계열>통계,3
국내도서>경제경영>기업 경영>세무/재무/회계,국내도서>대학교재/전문서적>공학계열>건축공학>건축설비/재료,1
국내도서>경제경영>기업 경영>세무/재무/회계,국내도서>대학교재/전문서적>공학계열>공학일반,2
국내도서>경제경영>기업 경영>조직/인력/성과관리,국내도서>대학교재/전문서적>공학계열>기계공학>기초역학/열역학/역학일반,3
국내도서>경제경영>기업 경영>조직/인력/성과관리,국내도서>대학교재/전문서적>공학계열>전기전자공학>논리회로/전자회로,2
국내도서>경제경영>기업 경영>조직/인력/성과관리,국내도서>대학교재/전문서적>공학계열>전기전자공학>신호처리/제어,5
국내도서>경제경영>기업/경영자 스토리>국외 기업/경영자,국내도서>대학교재/전문서적>공학계열>전기전자공학>전기전자 개론,2
국내도서>경제경영>기업/경영자 스토리>국외 기업/경영자,국내도서>대학교재/전문서적>공학계열>전기전자공학>전자기학,2
국내도서>경제경영>기업/경영자 스토리>국외 기업/경영자,국내도서>대학교재/전문서적>공학계열>화학/금속/재료공학>금속재료/재료공학,1
국내도서>경제경영>마케팅/세일즈>광고/홍보/PR,국내도서>대학교재/전문서적>공학계열>화학/금속/재료공학>화학공학 기초,1
국내도서>경제경영>마케팅/세일즈>네트워크 마케팅,국내도서>대학교재/전문서적>농축산생명계열>농림수산학,1
국내도서>경제경영>마케팅/세일즈>마케팅/브랜드,국내도서>대학교재/전문서적>사회과학계열>군사학,2
국내도서>경제경영>마케팅/세일즈>마케팅/브랜드,국내도서>대학교재/전문서적>어문학계열>영어영문학>영미문학,1
국내도서>경제경영>마케팅/세일즈>마케팅/브랜드,국내도서>대학교재/전문서적>연감,2
국내도서>경제경영>마케팅/세일즈>마케팅/브랜드,국내도서>대학교재/전문서적>의약학간호계열>기초의학>면역학,1
국내도서>경제경영>마케팅/세일즈>마케팅/브랜드,국내도서>대학교재/전문서적>의약학간호계열>약학>약제학/제재학,1
국내도서>경제경영>마케팅/세일즈>마케팅/브랜드,국내도서>대학교재/전문서적>의약학간호계열>외과>정형외과,1
국내도서>경제경영>마케팅/세일즈>마케팅/브랜드,국내도서>대학교재/전문서적>의약학간호계열>의학 일반>정신의학,1
국내도서>경제경영>마케팅/세일즈>마케팅/브랜드,국내도서>대학교재/전문서적>의약학간호계열>임상의학>신경정신과,1
국내도서>경제경영>마케팅/세일즈>마케팅/브랜드,국내도서>대학교재/전문서적>의약학간호계열>임상의학>안과,1
국내도서>경제경영>마케팅/세일즈>모바일/SNS,국내도서>대학교재/전문서적>의약학간호계열>참고도서/백서,1
국내도서>경제경영>마케팅/세일즈>모바일/SNS,국내도서>대학교재/전문서적>인문계열>역사학,3
국내도서>경제경영>마케팅/세일즈>모바일/SNS,국내도서>대학교재/전문서적>자연과학계열>물리학,1
국내도서>경제경영>마케팅/세일즈>트렌드/미래예측,국내도서>대학교재/전문서적>자연과학계열>생물학,3
국내도서>경제경영>마케팅/세일즈>트렌드/미래예측,국내도서>대학교재/전문서적>자연과학계열>수학,11
국내도서>경제경영>마케팅/세일즈>트렌드/미래예측,국내도서>대학교재/전문서적>자연과학계열>화학,3
국내도서>경제경영>마케팅/세일즈>트렌드/미래예측,국내도서>만화>교양만화>인문/교양,2
국내도서>경제경영>마케팅/세일즈>트렌드/미래예측,국내도서>만화>대하/서사만화,1
국내도서>경제경영>마케팅/세일즈>트렌드/미래예측,국내도서>만화>본격장르만화>SF/가상사회,1
국내도서>경제경영>마케팅/세일즈>트렌드/미래예측,국내도서>만화>본격장르만화>판타지>액션 판타지,2
국내도서>경제경영>마케팅/세일즈>트렌드/미래예측,국내도서>만화>인터넷 연재 만화,4
국내도서>경제경영>마케팅/세일즈>트렌드/미래예측,국내도서>사회과학>교육학>교육 일반,3
국내도서>경제경영>마케팅/세일즈>트렌드/미래예측,국내도서>사회과학>국방/군사학>국내외 군사사정,1
국내도서>경제경영>재테크/투자>가상/암호화폐,국내도서>사회과학>국방/군사학>국방 일반,6
국내도서>경제경영>재테크/투자>가상/암호화폐,국내도서>사회과학>국방/군사학>군사전략/무기,2
국내도서>경제경영>재테크/투자>부동산/경매,국내도서>사회과학>국방/군사학>군인,2
국내도서>경제경영>재테크/투자>부동산/경매,국내도서>사회과학>국방/군사학>전쟁사,2
국내도서>경제경영>재테크/투자>부동산/경매,국내도서>사회과학>법과 생활>법률이야기/법조인이야기,3
국내도서>경제경영>재테크/투자>부동산/경매,국내도서>사회과학>비평/칼럼>정치비평/칼럼,1
국내도서>경제경영>재테크/투자>부동산/경매,국내도서>사회과학>비평/칼럼>한국사회비평/칼럼,1
국내도서>경제경영>재테크/투자>부동산/경매,국내도서>사회과학>사회문제>빈곤/불평등문제,1
국내도서>경제경영>재테크/투자>부동산/경매,국내도서>사회과학>사회문제>사회문제 일반,3
국내도서>경제경영>재테크/투자>부동산/경매,국내도서>사회과학>사회문제>인권문제,1
국내도서>경제경영>재테크/투자>부동산/경매,국내도서>사회과학>사회사상/사회사상사>마르크스주의>고전 마르크스주의,4
국내도서>경제경영>재테크/투자>부동산/경매,국내도서>사회과학>사회사상/사회사상사>사회사상/사회사상사 일반,5
국내도서>경제경영>재테크/투자>부동산/경매,국내도서>사회과학>사회운동>사회운동 일반,2
국내도서>경제경영>재테크/투자>부동산/경매,국내도서>사회과학>사회운동>사회운동가/혁명가,1
국내도서>경제경영>재테크/투자>부동산/경매,국내도서>사회과학>사회학>사회학 일반,10
국내도서>경제경영>재테크/투자>부동산/경매,국내도서>사회과학>여성학/젠더>여성학이론,1
국내도서>경제경영>재테크/투자>부동산/경매,국내도서>사회과학>정치학/외교학/행정학>세계패권과 국제질서,2
국내도서>경제경영>재테크/투자>부동산/경매,국내도서>사회과학>정치학/외교학/행정학>외교정책/외교학,2
국내도서>경제경영>재테크/투자>부동산/경매,국내도서>사회과학>정치학/외교학/행정학>정치학 일반,2
국내도서>경제경영>재테크/투자>부동산/경매,국내도서>사회과학>지리학/지정학>지정학,2
국내도서>경제경영>재테크/투자>부동산/경매,국내도서>사회과학>환경/생태문제>환경문제,9
국내도서>경제경영>재테크/투자>부동산/경매,국내도서>사회과학>환경/생태문제>환경학 일반,2
국내도서>경제경영>재테크/투자>부동산/경매,국내도서>소설/시/희곡>과학소설(SF)>외국 과학소설,6
국내도서>경제경영>재테크/투자>부동산/경매,국내도서>소설/시/희곡>과학소설(SF)>한국 과학소설,4
국내도서>경제경영>재테크/투자>부동산/경매,국내도서>소설/시/희곡>독일소설,17
국내도서>경제경영>재테크/투자>부동산/경매,국내도서>소설/시/희곡>라이트 노벨>S 노벨,1
국내도서>경제경영>재테크/투자>부동산/경매,국내도서>소설/시/희곡>라이트 노벨>기타 라이트노벨,1
국내도서>경제경영>재테크/투자>부동산/경매,국내도서>소설/시/희곡>러시아소설,14
국내도서>경제경영>재테크/투자>부동산/경매,국내도서>소설/시/희곡>로맨스소설>외국 로맨스소설,1
국내도서>경제경영>재테크/투자>부동산/경매,국내도서>소설/시/희곡>로맨스소설>한국 로맨스소설,7
국내도서>경제경영>재테크/투자>부동산/경매,국내도서>소설/시/희곡>문학 잡지>릿터,1
국내도서>경제경영>재테크/투자>부동산/경매,국내도서>소설/시/희곡>문학 잡지>문학동네,1
국내도서>경제경영>재테크/투자>재테크/투자 일반,국내도서>소설/시/희곡>문학 잡지>악스트,1
국내도서>경제경영>재테크/투자>재테크/투자 일반,국내도서>소설/시/희곡>문학 잡지>자음과모음,1
국내도서>경제경영>재테크/투자>재테크/투자 일반,국내도서>소설/시/희곡>문학 잡지>창작과비평,1
국내도서>경제경영>재테크/투자>재테크/투자 일반,국내도서>소설/시/희곡>문학의 이해>세계문학론>기타 세계문학론,1
국내도서>경제경영>재테크/투자>재테크/투자 일반,국내도서>소설/시/희곡>문학의 이해>소설론,2
국내도서>경제경영>재테크/투자>재테크/투자 일반,국내도서>소설/시/희곡>문학의 이해>시론,1
국내도서>경제경영>재테크/투자>재테크/투자 일반,국내도서>소설/시/희곡>문학의 이해>창작.문장작법,1
국내도서>경제경영>재테크/투자>재테크/투자 일반,국내도서>소설/시/희곡>세계의 문학>영국문학,1
국내도서>경제경영>재테크/투자>재테크/투자 일반,국내도서>소설/시/희곡>세계의 소설>기타 국가 소설,6
국내도서>경제경영>재테크/투자>재테크/투자 일반,국내도서>소설/시/희곡>세계의 소설>동유럽소설,2
국내도서>경제경영>재테크/투자>재테크/투자 일반,국내도서>소설/시/희곡>세계의 소설>북유럽소설,2
국내도서>경제경영>재테크/투자>재테크/투자 일반,국내도서>소설/시/희곡>세계의 소설>아일랜드소설,2
국내도서>경제경영>재테크/투자>재테크/투자 일반,국내도서>소설/시/희곡>세계의 소설>이탈리아소설,1
국내도서>경제경영>재테크/투자>재테크/투자 일반,국내도서>소설/시/희곡>스페인/중남미소설,7
국내도서>경제경영>재테크/투자>재테크/투자 일반,국내도서>소설/시/희곡>시>외국시,7
국내도서>경제경영>재테크/투자>재테크/투자 일반,국내도서>소설/시/희곡>시>한국시,26
국내도서>경제경영>재테크/투자>재테크/투자 일반,국내도서>소설/시/희곡>액션/스릴러소설>외국 액션/스릴러소설,3
국내도서>경제경영>재테크/투자>재테크/투자 일반,국내도서>소설/시/희곡>역사소설>외국 역사소설,3
국내도서>경제경영>재테크/투자>재테크/투자 일반,국내도서>소설/시/희곡>역사소설>한국 역사소설,1
국내도서>경제경영>재테크/투자>재테크/투자 일반,국내도서>소설/시/희곡>영미소설,48
국내도서>경제경영>재테크/투자>재테크/투자 일반,국내도서>소설/시/희곡>우리나라 옛글>산문,2
국내도서>경제경영>재테크/투자>재테크/투자 일반,국내도서>소설/시/희곡>일본소설>1950년대 이전 일본소설,1
국내도서>경제경영>재테크/투자>재테크/투자 일반,국내도서>소설/시/희곡>일본소설>1950년대 이후 일본소설,13
국내도서>경제경영>재테크/투자>재테크/투자 일반,국내도서>소설/시/희곡>추리/미스터리소설>기타국가 추리/미스터리소설,2
국내도서>경제경영>재테크/투자>재테크/투자 일반,국내도서>소설/시/희곡>추리/미스터리소설>영미 추리/미스터리소설,2
국내도서>경제경영>재테크/투자>재테크/투자 일반,국내도서>소설/시/희곡>추리/미스터리소설>일본 추리/미스터리소설,15
국내도서>경제경영>재테크/투자>재테크/투자 일반,국내도서>소설/시/희곡>추리/미스터리소설>한국 추리/미스터리소설,5
국내도서>경제경영>재테크/투자>재테크/투자 일반,국내도서>소설/시/희곡>판타지/환상문학>외국판타지/환상소설,5
국내도서>경제경영>재테크/투자>주식/펀드,국내도서>소설/시/희곡>판타지/환상문학>한국판타지/환상소설,5
국내도서>경제경영>재테크/투자>주식/펀드,국내도서>소설/시/희곡>프랑스소설,23
국내도서>경제경영>재테크/투자>주식/펀드,국내도서>소설/시/희곡>한국소설>2000년대 이전 한국소설,4
국내도서>경제경영>재테크/투자>주식/펀드,국내도서>소설/시/희곡>한국소설>2000년대 이후 한국소설,49
국내도서>경제경영>재테크/투자>주식/펀드,국내도서>소설/시/희곡>호러.공포소설>외국 호러.공포소설,2
국내도서>경제경영>재테크/투자>주식/펀드,국내도서>소설/시/희곡>호러.공포소설>한국 호러.공포소설,1
국내도서>경제경영>재테크/투자>주식/펀드,국내도서>소설/시/희곡>희곡>외국희곡,5
국내도서>경제경영>재테크/투자>주식/펀드,국내도서>수험서/자격증>공무원 수험서>7/9급 공무원>국어>7/9급 기본서 및 부교재,1
국내도서>경제경영>재테크/투자>주식/펀드,국내도서>수험서/자격증>공무원 수험서>7/9급 공무원>국어>기출/문제집/모의고사,1
국내도서>경제경영>재테크/투자>주식/펀드,국내도서>수험서/자격증>공무원 수험서>7/9급 공무원>직군별 문제집>기계직,2
국내도서>경제경영>재테크/투자>주식/펀드,국내도서>수험서/자격증>공무원 수험서>7/9급 공무원>직군별 문제집>기타,1
국내도서>경제경영>재테크/투자>주식/펀드,국내도서>수험서/자격증>공무원 수험서>7/9급 공무원>직군별 문제집>법원직,1
국내도서>경제경영>재테크/투자>주식/펀드,국내도서>수험서/자격증>공무원 수험서>7/9급 공무원>회계학/경제학>회계학,1
국내도서>경제경영>재테크/투자>주식/펀드,국내도서>수험서/자격증>공무원 수험서>기능직>운전직,1
국내도서>경제경영>재테크/투자>주식/펀드,국내도서>수험서/자격증>공무원 수험서>소방공무원(승진)>기타 과목,1
국내도서>경제경영>재테크/투자>주식/펀드,국내도서>수험서/자격증>민간자격>CS Leaders(관리사),1
국내도서>경제경영>재테크/투자>주식/펀드,국내도서>어린이>TV/만화/영화>TV 방영작,1
국내도서>경제경영>재테크/투자>주식/펀드,국내도서>어린이>과학/수학/컴퓨터>과학 일반,2
국내도서>경제경영>재테크/투자>주식/펀드,국내도서>어린이>과학/수학/컴퓨터>생물과 생명,2
국내도서>경제경영>재테크/투자>주식/펀드,국내도서>어린이>과학/수학/컴퓨터>환경 이야기,1
국내도서>경제경영>재테크/투자>주식/펀드,국내도서>어린이>동화/명작/고전>국내창작동화,2
국내도서>경제경영>재테크/투자>주식/펀드,국내도서>어린이>동화/명작/고전>세계명작,2
국내도서>경제경영>재테크/투자>주식/펀드,국내도서>어린이>동화/명작/고전>어린이를 위한 고전,1
국내도서>경제경영>재테크/투자>주식/펀드,국내도서>어린이>문화/예술/인물>세계인물,1
국내도서>경제경영>재테크/투자>주식/펀드,국내도서>어린이>사회/역사/철학>세계사,2
국내도서>경제경영>재테크/투자>주식/펀드,국내도서>어린이>사회/역사/철학>신화/종교,1
국내도서>경제경영>재테크/투자>주식/펀드,국내도서>어린이>사회/역사/철학>지리/지도책,1
국내도서>경제경영>재테크/투자>주식/펀드,국내도서>어린이>책읽기/글쓰기>논리/논술,2
국내도서>경제경영>재테크/투자>주식/펀드,국내도서>어린이>초등 전학년>동화/명작/고전,1
국내도서>경제경영>재테크/투자>주식/펀드,국내도서>에세이>명사에세이>기타 명사에세이,4
국내도서>경제경영>재테크/투자>주식/펀드,국내도서>에세이>명사에세이>방송연예인에세이,1
국내도서>경제경영>재테크/투자>주식/펀드,국내도서>에세이>명상에세이,1
국내도서>경제경영>재테크/투자>주식/펀드,국내도서>에세이>사진/그림 에세이,2
국내도서>경제경영>재테크/투자>주식/펀드,국내도서>에세이>외국에세이,6
국내도서>경제경영>재테크/투자>주식/펀드,국내도서>에세이>한국에세이,30
국내도서>경제경영>재테크/투자>주식/펀드,국내도서>여행>국내 여행에세이,1
국내도서>경제경영>재테크/투자>주식/펀드,국내도서>역사>고고학,2
국내도서>경제경영>재테크/투자>주식/펀드,국내도서>역사>문화/역사기행>동서양 문화/역사기행,4
국내도서>경제경영>재테크/투자>주식/펀드,국내도서>역사>문화/역사기행>한국 문화/역사기행,1
국내도서>경제경영>재테크/투자>주식/펀드,국내도서>역사>서양사>로마사,3
국내도서>경제경영>재테크/투자>주식/펀드,국내도서>역사>서양사>서양고대사,6
국내도서>경제경영>재테크/투자>주식/펀드,국내도서>역사>서양사>서양근현대사,3
국내도서>경제경영>재테크/투자>주식/펀드,국내도서>역사>서양사>서양사일반,2
국내도서>경제경영>재테크/투자>주식/펀드,국내도서>역사>서양사>서양중세사,3
국내도서>경제경영>재테크/투자>주식/펀드,국내도서>역사>세계사 일반,43
국내도서>경제경영>재테크/투자>주식/펀드,국내도서>역사>아메리카사>미국/캐나다사,3
국내도서>경제경영>재테크/투자>주식/펀드,국내도서>역사>아시아사>서남아시아사,1
국내도서>경제경영>재테크/투자>주식/펀드,국내도서>역사>아시아사>중앙아시아사,6
국내도서>경제경영>재테크/투자>주식/펀드,국내도서>역사>아프리카/오세아니아사,1
국내도서>경제경영>재테크/투자>주식/펀드,국내도서>역사>역사학>역사학 일반,1
국내도서>경제경영>창업/취업/은퇴>벤처/스타트업/인터넷창업,국내도서>역사>유럽사>독일/오스트리아사,1
국내도서>경제경영>창업/취업/은퇴>창업정보,국내도서>역사>유럽사>동유럽사,1
국내도서>고등학교참고서>수능대비>수학영역,국내도서>역사>유럽사>영국사,4
국내도서>고등학교참고서>수능모의고사/기출>과학탐구,국내도서>역사>이슬람/중동/이스라엘>고대 문명 태동기,1
국내도서>고전>서양고전문학>서양고대문학,국내도서>역사>이슬람/중동/이스라엘>중세시대,1
국내도서>고전>서양고전문학>서양고대문학,국내도서>역사>일본사>일본근현대사,3
국내도서>과학>공학>공학 일반,국내도서>역사>일본사>일본사 일반,2
국내도서>과학>공학>기계공학,국내도서>역사>조선사>조선시대 일반,5
국내도서>과학>과학사회학(STS),국내도서>역사>조선사>조선전기(개국~임진왜란 이전),4
국내도서>과학>과학의 이해>과학고전,국내도서>역사>조선사>조선중기(임진왜란~경종),4
국내도서>과학>과학의 이해>과학고전,국내도서>역사>조선사>조선후기(영조~순종),7
국내도서>과학>과학의 이해>과학사/기술사,국내도서>역사>중국사>중국고대사(선사시대~진한시대),11
국내도서>과학>과학의 이해>과학사/기술사,국내도서>역사>중국사>중국근세사(원~ 아편전쟁),1
국내도서>과학>과학의 이해>과학사/기술사,국내도서>역사>중국사>중국근현대사(아편전쟁 이후),1
국내도서>과학>과학의 이해>과학사상,국내도서>역사>중국사>중국사 일반,2
국내도서>과학>기초과학/교양과학,"국내도서>역사>중국사>중국중세사(위진남북조~당,송)",1
국내도서>과학>기초과학/교양과학,국내도서>역사>테마로 보는 역사>문명/문화사,1
국내도서>과학>기초과학/교양과학,국내도서>역사>테마로 보는 역사>전쟁사,1
국내도서>과학>기초과학/교양과학,국내도서>역사>학회/무크/계간지,1
국내도서>과학>기초과학/교양과학,국내도서>역사>한국고대~고려시대>한국고대사>백제,2
국내도서>과학>기초과학/교양과학,국내도서>역사>한국고대~고려시대>한국고대사>신라/통일신라,1
국내도서>과학>기초과학/교양과학,국내도서>역사>한국근현대사>근대개화기,2
국내도서>과학>기초과학/교양과학,국내도서>역사>한국근현대사>일제치하/항일시대,5
국내도서>과학>기초과학/교양과학,국내도서>역사>한국근현대사>한국전쟁 이후~현재,6
국내도서>과학>기초과학/교양과학,국내도서>역사>한국근현대사>해방전후사/한국전쟁,3
국내도서>과학>기초과학/교양과학,국내도서>역사>한국사 일반,11
국내도서>과학>기초과학/교양과학,국내도서>예술/대중문화>건축>건축이론/비평/역사,3
국내도서>과학>기초과학/교양과학,국내도서>예술/대중문화>디자인/공예>디자인이론/비평/역사,1
국내도서>과학>기초과학/교양과학,국내도서>예술/대중문화>미술>미술 이야기,1
국내도서>과학>기초과학/교양과학,국내도서>예술/대중문화>미술>화집,1
국내도서>과학>기초과학/교양과학,국내도서>예술/대중문화>사진>사진집,1
국내도서>과학>기초과학/교양과학,국내도서>예술/대중문화>연극>연극인/연극이야기,1
국내도서>과학>기초과학/교양과학,국내도서>예술/대중문화>영화/드라마>시나리오/시나리오작법,1
국내도서>과학>기초과학/교양과학,국내도서>예술/대중문화>음악>악보/작곡>피아노 및 건반악기 악보,1
국내도서>과학>기초과학/교양과학,국내도서>예술/대중문화>음악>음악가,1
국내도서>과학>기초과학/교양과학,국내도서>외국어>영어독해,1
국내도서>과학>기초과학/교양과학,국내도서>외국어>영어학습법,1
국내도서>과학>기초과학/교양과학,국내도서>외국어>영어회화>생활영어,1
국내도서>과학>기초과학/교양과학,국내도서>외국어>외국인을 위한 한국어>한국어 일반,1
국내도서>과학>기초과학/교양과학,국내도서>외국어>토익>Grammar,1
국내도서>과학>기초과학/교양과학,국내도서>유아>그림책>나라별 그림책>한국 그림책,1
국내도서>과학>기초과학/교양과학,국내도서>유아>유아 교양/학습>유아 자연관찰/과학>자연관찰/과학일반,1
국내도서>과학>기초과학/교양과학,국내도서>인문학>교양 인문학,29
국내도서>과학>기초과학/교양과학,국내도서>인문학>기호학/언어학>언어학/언어사,2
국내도서>과학>기초과학/교양과학,국내도서>인문학>동양철학>동양철학 일반,3
국내도서>과학>기초과학/교양과학,국내도서>인문학>동양철학>유교철학/주역>유교철학 일반,1
국내도서>과학>기초과학/교양과학,국내도서>인문학>문화/문화이론>문화사,2
국내도서>과학>기초과학/교양과학,국내도서>인문학>문화/문화이론>문화연구/문화이론,2
국내도서>과학>기초과학/교양과학,국내도서>인문학>문화/문화이론>한국학/한국문화>한국문화유산,4
국내도서>과학>기초과학/교양과학,국내도서>인문학>문화/문화이론>한국학/한국문화>한국인과 한국문화,1
국내도서>과학>기초과학/교양과학,국내도서>인문학>서양철학>고대철학>고대철학 일반,4
국내도서>과학>기초과학/교양과학,국내도서>인문학>서양철학>고대철학>소크라테스,1
국내도서>과학>기초과학/교양과학,국내도서>인문학>서양철학>고대철학>아리스토텔레스,2
국내도서>과학>기초과학/교양과학,국내도서>인문학>서양철학>고대철학>플라톤,1
국내도서>과학>기초과학/교양과학,국내도서>인문학>서양철학>과학철학,3
국내도서>과학>기초과학/교양과학,국내도서>인문학>서양철학>근대철학>근대철학 일반,2
국내도서>과학>농업>생태농업,국내도서>인문학>서양철학>독일철학,1
국내도서>과학>뇌과학>뇌과학 일반,국내도서>인문학>서양철학>서양철학 일반,1
국내도서>과학>뇌과학>뇌과학 일반,국내도서>인문학>서양철학>서양철학사,1
국내도서>과학>뇌과학>뇌과학 일반,국내도서>인문학>서양철학>윤리학/도덕철학,1
국내도서>과학>뇌과학>뇌과학 일반,국내도서>인문학>서양철학>중세철학>중세철학 일반,1
국내도서>과학>뇌과학>뇌과학 일반,국내도서>인문학>서양철학>현대철학>러셀/비트겐슈타인,1
국내도서>과학>뇌과학>뇌과학 일반,국내도서>인문학>서양철학>현대철학>미셸 푸코,1
국내도서>과학>뇌과학>뇌과학 일반,국내도서>인문학>서양철학>현대철학>프리드리히 니체,2
국내도서>과학>동물과 식물>곤충,국내도서>인문학>서양철학>현대철학>현대철학 일반,1
국내도서>과학>동물과 식물>곤충,국내도서>인문학>서지/출판>서지/문헌/도서관,1
국내도서>과학>동물과 식물>꽃과 나무,국내도서>인문학>신화/종교학>그리스로마 신화,2
국내도서>과학>동물과 식물>식물 일반,국내도서>인문학>신화/종교학>세계의 신화와 전설>세계의 신화와 전설 일반,1
국내도서>과학>동물과 식물>식물 일반,국내도서>인문학>심리학/정신분석학>교양 심리학,21
국내도서>과학>동물과 식물>식물 일반,국내도서>인문학>심리학/정신분석학>뇌과학/인지심리학,5
국내도서>과학>동물과 식물>식물 일반,국내도서>인문학>심리학/정신분석학>심리치료,3
국내도서>과학>물리학>물리학 일반,국내도서>인문학>심리학/정신분석학>이론 심리학,1
국내도서>과학>물리학>물리학 일반,국내도서>인문학>심리학/정신분석학>정신분석학,2
국내도서>과학>물리학>물리학 일반,국내도서>인문학>심리학/정신분석학>프로이트,1
국내도서>과학>물리학>물리학 일반,국내도서>인문학>인류학/고고학>인류학,1
국내도서>과학>물리학>물리학 일반,국내도서>인문학>인문 비평,1
국내도서>과학>물리학>상대성이론,국내도서>인문학>인문 에세이,9
국내도서>과학>물리학>쉽게 배우는 물리학,국내도서>인문학>책읽기/글쓰기>글쓰기,8
국내도서>과학>물리학>쉽게 배우는 물리학,국내도서>인문학>책읽기/글쓰기>책읽기,5
국내도서>과학>물리학>쉽게 배우는 물리학,국내도서>인문학>철학 일반>교양 철학,5
국내도서>과학>물리학>쉽게 배우는 물리학,국내도서>자기계발>20대의 자기계발,1
국내도서>과학>물리학>양자역학,국내도서>자기계발>리더십>리더십,1
국내도서>과학>물리학>현대물리학,국내도서>자기계발>성공>성공담,6
국내도서>과학>발명/발견,국내도서>자기계발>성공>성공학,104
국내도서>과학>생명과학>생명과학,국내도서>자기계발>시간관리/정보관리>시간관리,6
국내도서>과학>생명과학>생명과학,국내도서>자기계발>여성의 자기계발,1
국내도서>과학>생명과학>생명과학,국내도서>자기계발>인간관계>교양심리학,5
국내도서>과학>생명과학>생명과학,국내도서>자기계발>인간관계>남녀관계,1
국내도서>과학>생명과학>생물학,국내도서>자기계발>인간관계>인간관계,10
국내도서>과학>생명과학>생물학,국내도서>자기계발>중년의 자기계발,5
국내도서>과학>생명과학>생물학,국내도서>자기계발>창의적사고/두뇌계발,5
국내도서>과학>생명과학>생물학,국내도서>자기계발>취업/진로/유망직업>크리에이터/1인미디어,1
국내도서>과학>생명과학>생물학,국내도서>자기계발>행복론,5
국내도서>과학>생명과학>생물학,국내도서>자기계발>협상/설득/화술>설득,3
국내도서>과학>생명과학>생태학,국내도서>자기계발>협상/설득/화술>협상,1
국내도서>과학>생명과학>생태학,국내도서>자기계발>협상/설득/화술>화술,12
국내도서>과학>생명과학>진화론,국내도서>자기계발>힐링>마음 다스리기,19
국내도서>과학>생명과학>진화론,국내도서>잡지>경제/경영,2
국내도서>과학>생명과학>진화론,국내도서>잡지>교양/문예/인문>교양,1
국내도서>과학>수학>수학 일반,국내도서>잡지>독립/인디잡지,1
국내도서>과학>수학>수학 일반,국내도서>전집/중고전집>인물/역사/사회,1
국내도서>과학>수학>수학 일반,국내도서>전집/중고전집>전래/명작동화,1
국내도서>과학>수학>수학 일반,국내도서>전집/중고전집>창작동화,2
국내도서>과학>수학>수학 일반,국내도서>전집/중고전집>초등(1-3)저학년>문학/논술/고전,2
국내도서>과학>수학>수학 일반,국내도서>종교/역학>기독교(개신교)>기독교 문학,1
국내도서>과학>수학>쉽게 배우는 수학,국내도서>종교/역학>기독교(개신교)>기독교 역사,2
국내도서>과학>수학>쉽게 배우는 수학,국내도서>종교/역학>기독교(개신교)>기독교(개신교) 교회>성경공부교재>어린이/청소년,1
국내도서>과학>수학>쉽게 배우는 수학,국내도서>종교/역학>기독교(개신교)>기독교(개신교) 신앙생활>간증/영적성장,1
국내도서>과학>수학>확률/통계학,국내도서>종교/역학>기독교(개신교)>기독교(개신교) 신앙생활>사랑/결혼,1
국내도서>과학>수학>확률/통계학,국내도서>종교/역학>기독교(개신교)>기독교(개신교) 신앙생활>신앙생활일반,3
국내도서>과학>수학>확률/통계학,국내도서>종교/역학>기독교(개신교)>기독교(개신교) 어린이/청소년,1
국내도서>과학>의학,국내도서>종교/역학>기독교(개신교)>성경의 이해,1
국내도서>과학>의학,국내도서>종교/역학>불교>불교 경전/법문,1
국내도서>과학>의학,국내도서>종교/역학>종교일반>종교의 이해,1
국내도서>과학>인체의 이해,국내도서>좋은부모>부모교육,1
국내도서>과학>인체의 이해,국내도서>좋은부모>육아>성장/발달,1
국내도서>과학>인체의 이해,국내도서>좋은부모>육아>육아 일반,1
국내도서>과학>인체의 이해,국내도서>좋은부모>초등 자녀,1
국내도서>과학>인체의 이해,국내도서>청소년>청소년 고전,2
국내도서>과학>지구과학>기상학/기후,국내도서>청소년>청소년 문학>청소년 소설,3
국내도서>과학>지구과학>기상학/기후,국내도서>청소년>청소년 수학/과학,4
국내도서>과학>지구과학>기상학/기후,국내도서>청소년>청소년 역사,4
국내도서>과학>지구과학>기상학/기후,국내도서>청소년>청소년 인문/사회,2
국내도서>과학>지구과학>지구,국내도서>청소년>청소년 자기계발,1
국내도서>과학>지구과학>지구,국내도서>청소년>청소년 철학,2
국내도서>과학>지구과학>지구,국내도서>청소년>학습법,1
국내도서>과학>지구과학>지구,국내도서>초등학교참고서>초등영어전문교재>말하기/듣기,1
국내도서>과학>지구과학>해양과학,국내도서>컴퓨터/모바일>e비즈니스/창업>e-비즈니스/온라인 창업,4
국내도서>과학>천문학>우주과학,국내도서>컴퓨터/모바일>PC/게임/디지털 카메라>초보자를 위한 컴퓨터 책,1
국내도서>과학>천문학>우주과학,국내도서>컴퓨터/모바일>그래픽/멀티미디어>그래픽 일반,3
국내도서>과학>천문학>우주과학,국내도서>컴퓨터/모바일>그래픽/멀티미디어>프리미어/베가스,1
국내도서>과학>천문학>우주과학,국내도서>컴퓨터/모바일>오피스(엑셀/파워포인트)>MS 오피스,1
국내도서>과학>천문학>우주과학,국내도서>컴퓨터/모바일>컴퓨터 공학>자료구조/알고리즘,1
국내도서>과학>천문학>우주과학,국내도서>컴퓨터/모바일>컴퓨터 공학>전산수학(SPSS/MATLAB),1
국내도서>과학>천문학>우주과학,국내도서>컴퓨터/모바일>컴퓨터 공학>컴퓨터공학/전산학 개론,1
국내도서>과학>화학>일반화학,국내도서>컴퓨터/모바일>활용능력>컴퓨터활용능력>컴퓨터활용능력 필기,1
국내도서>달력/기타>출판사 제작 상품,,
국내도서>달력/기타>출판사 제작 상품,,
국내도서>대학교재/전문서적>경상계열>경영학,,
국내도서>대학교재/전문서적>경상계열>경영학,,
국내도서>대학교재/전문서적>경상계열>경영학,,
국내도서>대학교재/전문서적>경상계열>광고/마케팅,,
국내도서>대학교재/전문서적>경상계열>무역,,
국내도서>대학교재/전문서적>경상계열>세무/회계,,
국내도서>대학교재/전문서적>경상계열>세무/회계,,
국내도서>대학교재/전문서적>경상계열>통계,,
국내도서>대학교재/전문서적>경상계열>통계,,
국내도서>대학교재/전문서적>경상계열>통계,,
국내도서>대학교재/전문서적>공학계열>건축공학>건축설비/재료,,
국내도서>대학교재/전문서적>공학계열>공학일반,,
국내도서>대학교재/전문서적>공학계열>공학일반,,
국내도서>대학교재/전문서적>공학계열>기계공학>기초역학/열역학/역학일반,,
국내도서>대학교재/전문서적>공학계열>기계공학>기초역학/열역학/역학일반,,
국내도서>대학교재/전문서적>공학계열>기계공학>기초역학/열역학/역학일반,,
국내도서>대학교재/전문서적>공학계열>전기전자공학>논리회로/전자회로,,
국내도서>대학교재/전문서적>공학계열>전기전자공학>논리회로/전자회로,,
국내도서>대학교재/전문서적>공학계열>전기전자공학>신호처리/제어,,
국내도서>대학교재/전문서적>공학계열>전기전자공학>신호처리/제어,,
국내도서>대학교재/전문서적>공학계열>전기전자공학>신호처리/제어,,
국내도서>대학교재/전문서적>공학계열>전기전자공학>신호처리/제어,,
국내도서>대학교재/전문서적>공학계열>전기전자공학>신호처리/제어,,
국내도서>대학교재/전문서적>공학계열>전기전자공학>전기전자 개론,,
국내도서>대학교재/전문서적>공학계열>전기전자공학>전기전자 개론,,
국내도서>대학교재/전문서적>공학계열>전기전자공학>전자기학,,
국내도서>대학교재/전문서적>공학계열>전기전자공학>전자기학,,
국내도서>대학교재/전문서적>공학계열>화학/금속/재료공학>금속재료/재료공학,,
국내도서>대학교재/전문서적>공학계열>화학/금속/재료공학>화학공학 기초,,
국내도서>대학교재/전문서적>농축산생명계열>농림수산학,,
국내도서>대학교재/전문서적>사회과학계열>군사학,,
국내도서>대학교재/전문서적>사회과학계열>군사학,,
국내도서>대학교재/전문서적>어문학계열>영어영문학>영미문학,,
국내도서>대학교재/전문서적>연감,,
국내도서>대학교재/전문서적>연감,,
국내도서>대학교재/전문서적>의약학간호계열>기초의학>면역학,,
국내도서>대학교재/전문서적>의약학간호계열>약학>약제학/제재학,,
국내도서>대학교재/전문서적>의약학간호계열>외과>정형외과,,
국내도서>대학교재/전문서적>의약학간호계열>의학 일반>정신의학,,
국내도서>대학교재/전문서적>의약학간호계열>임상의학>신경정신과,,
국내도서>대학교재/전문서적>의약학간호계열>임상의학>안과,,
국내도서>대학교재/전문서적>의약학간호계열>참고도서/백서,,
국내도서>대학교재/전문서적>인문계열>역사학,,
국내도서>대학교재/전문서적>인문계열>역사학,,
국내도서>대학교재/전문서적>인문계열>역사학,,
국내도서>대학교재/전문서적>자연과학계열>물리학,,
국내도서>대학교재/전문서적>자연과학계열>생물학,,
국내도서>대학교재/전문서적>자연과학계열>생물학,,
국내도서>대학교재/전문서적>자연과학계열>생물학,,
국내도서>대학교재/전문서적>자연과학계열>수학,,
국내도서>대학교재/전문서적>자연과학계열>수학,,
국내도서>대학교재/전문서적>자연과학계열>수학,,
국내도서>대학교재/전문서적>자연과학계열>수학,,
국내도서>대학교재/전문서적>자연과학계열>수학,,
국내도서>대학교재/전문서적>자연과학계열>수학,,
국내도서>대학교재/전문서적>자연과학계열>수학,,
국내도서>대학교재/전문서적>자연과학계열>수학,,
국내도서>대학교재/전문서적>자연과학계열>수학,,
국내도서>대학교재/전문서적>자연과학계열>수학,,
국내도서>대학교재/전문서적>자연과학계열>수학,,
국내도서>대학교재/전문서적>자연과학계열>화학,,
국내도서>대학교재/전문서적>자연과학계열>화학,,
국내도서>대학교재/전문서적>자연과학계열>화학,,
국내도서>만화>교양만화>인문/교양,,
국내도서>만화>교양만화>인문/교양,,
국내도서>만화>대하/서사만화,,
국내도서>만화>본격장르만화>SF/가상사회,,
국내도서>만화>본격장르만화>판타지>액션 판타지,,
국내도서>만화>본격장르만화>판타지>액션 판타지,,
국내도서>만화>인터넷 연재 만화,,
국내도서>만화>인터넷 연재 만화,,
국내도서>만화>인터넷 연재 만화,,
국내도서>만화>인터넷 연재 만화,,
국내도서>사회과학>교육학>교육 일반,,
국내도서>사회과학>교육학>교육 일반,,
국내도서>사회과학>교육학>교육 일반,,
국내도서>사회과학>국방/군사학>국내외 군사사정,,
국내도서>사회과학>국방/군사학>국방 일반,,
국내도서>사회과학>국방/군사학>국방 일반,,
국내도서>사회과학>국방/군사학>국방 일반,,
국내도서>사회과학>국방/군사학>국방 일반,,
국내도서>사회과학>국방/군사학>국방 일반,,
국내도서>사회과학>국방/군사학>국방 일반,,
국내도서>사회과학>국방/군사학>군사전략/무기,,
국내도서>사회과학>국방/군사학>군사전략/무기,,
국내도서>사회과학>국방/군사학>군인,,
국내도서>사회과학>국방/군사학>군인,,
국내도서>사회과학>국방/군사학>전쟁사,,
국내도서>사회과학>국방/군사학>전쟁사,,
국내도서>사회과학>법과 생활>법률이야기/법조인이야기,,
국내도서>사회과학>법과 생활>법률이야기/법조인이야기,,
국내도서>사회과학>법과 생활>법률이야기/법조인이야기,,
국내도서>사회과학>비평/칼럼>정치비평/칼럼,,
국내도서>사회과학>비평/칼럼>한국사회비평/칼럼,,
국내도서>사회과학>사회문제>빈곤/불평등문제,,
국내도서>사회과학>사회문제>사회문제 일반,,
국내도서>사회과학>사회문제>사회문제 일반,,
국내도서>사회과학>사회문제>사회문제 일반,,
국내도서>사회과학>사회문제>인권문제,,
국내도서>사회과학>사회사상/사회사상사>마르크스주의>고전 마르크스주의,,
국내도서>사회과학>사회사상/사회사상사>마르크스주의>고전 마르크스주의,,
국내도서>사회과학>사회사상/사회사상사>마르크스주의>고전 마르크스주의,,
국내도서>사회과학>사회사상/사회사상사>마르크스주의>고전 마르크스주의,,
국내도서>사회과학>사회사상/사회사상사>사회사상/사회사상사 일반,,
국내도서>사회과학>사회사상/사회사상사>사회사상/사회사상사 일반,,
국내도서>사회과학>사회사상/사회사상사>사회사상/사회사상사 일반,,
국내도서>사회과학>사회사상/사회사상사>사회사상/사회사상사 일반,,
국내도서>사회과학>사회사상/사회사상사>사회사상/사회사상사 일반,,
국내도서>사회과학>사회운동>사회운동 일반,,
국내도서>사회과학>사회운동>사회운동 일반,,
국내도서>사회과학>사회운동>사회운동가/혁명가,,
국내도서>사회과학>사회학>사회학 일반,,
국내도서>사회과학>사회학>사회학 일반,,
국내도서>사회과학>사회학>사회학 일반,,
국내도서>사회과학>사회학>사회학 일반,,
국내도서>사회과학>사회학>사회학 일반,,
국내도서>사회과학>사회학>사회학 일반,,
국내도서>사회과학>사회학>사회학 일반,,
국내도서>사회과학>사회학>사회학 일반,,
국내도서>사회과학>사회학>사회학 일반,,
국내도서>사회과학>사회학>사회학 일반,,
국내도서>사회과학>여성학/젠더>여성학이론,,
국내도서>사회과학>정치학/외교학/행정학>세계패권과 국제질서,,
국내도서>사회과학>정치학/외교학/행정학>세계패권과 국제질서,,
국내도서>사회과학>정치학/외교학/행정학>외교정책/외교학,,
국내도서>사회과학>정치학/외교학/행정학>외교정책/외교학,,
국내도서>사회과학>정치학/외교학/행정학>정치학 일반,,
국내도서>사회과학>정치학/외교학/행정학>정치학 일반,,
국내도서>사회과학>지리학/지정학>지정학,,
국내도서>사회과학>지리학/지정학>지정학,,
국내도서>사회과학>환경/생태문제>환경문제,,
국내도서>사회과학>환경/생태문제>환경문제,,
국내도서>사회과학>환경/생태문제>환경문제,,
국내도서>사회과학>환경/생태문제>환경문제,,
국내도서>사회과학>환경/생태문제>환경문제,,
국내도서>사회과학>환경/생태문제>환경문제,,
국내도서>사회과학>환경/생태문제>환경문제,,
국내도서>사회과학>환경/생태문제>환경문제,,
국내도서>사회과학>환경/생태문제>환경문제,,
국내도서>사회과학>환경/생태문제>환경학 일반,,
국내도서>사회과학>환경/생태문제>환경학 일반,,
국내도서>소설/시/희곡>과학소설(SF)>외국 과학소설,,
국내도서>소설/시/희곡>과학소설(SF)>외국 과학소설,,
국내도서>소설/시/희곡>과학소설(SF)>외국 과학소설,,
국내도서>소설/시/희곡>과학소설(SF)>외국 과학소설,,
국내도서>소설/시/희곡>과학소설(SF)>외국 과학소설,,
국내도서>소설/시/희곡>과학소설(SF)>외국 과학소설,,
국내도서>소설/시/희곡>과학소설(SF)>한국 과학소설,,
국내도서>소설/시/희곡>과학소설(SF)>한국 과학소설,,
국내도서>소설/시/희곡>과학소설(SF)>한국 과학소설,,
국내도서>소설/시/희곡>과학소설(SF)>한국 과학소설,,
국내도서>소설/시/희곡>독일소설,,
국내도서>소설/시/희곡>독일소설,,
국내도서>소설/시/희곡>독일소설,,
국내도서>소설/시/희곡>독일소설,,
국내도서>소설/시/희곡>독일소설,,
국내도서>소설/시/희곡>독일소설,,
국내도서>소설/시/희곡>독일소설,,
국내도서>소설/시/희곡>독일소설,,
국내도서>소설/시/희곡>독일소설,,
국내도서>소설/시/희곡>독일소설,,
국내도서>소설/시/희곡>독일소설,,
국내도서>소설/시/희곡>독일소설,,
국내도서>소설/시/희곡>독일소설,,
국내도서>소설/시/희곡>독일소설,,
국내도서>소설/시/희곡>독일소설,,
국내도서>소설/시/희곡>독일소설,,
국내도서>소설/시/희곡>독일소설,,
국내도서>소설/시/희곡>라이트 노벨>S 노벨,,
국내도서>소설/시/희곡>라이트 노벨>기타 라이트노벨,,
국내도서>소설/시/희곡>러시아소설,,
국내도서>소설/시/희곡>러시아소설,,
국내도서>소설/시/희곡>러시아소설,,
국내도서>소설/시/희곡>러시아소설,,
국내도서>소설/시/희곡>러시아소설,,
국내도서>소설/시/희곡>러시아소설,,
국내도서>소설/시/희곡>러시아소설,,
국내도서>소설/시/희곡>러시아소설,,
국내도서>소설/시/희곡>러시아소설,,
국내도서>소설/시/희곡>러시아소설,,
국내도서>소설/시/희곡>러시아소설,,
국내도서>소설/시/희곡>러시아소설,,
국내도서>소설/시/희곡>러시아소설,,
국내도서>소설/시/희곡>러시아소설,,
국내도서>소설/시/희곡>로맨스소설>외국 로맨스소설,,
국내도서>소설/시/희곡>로맨스소설>한국 로맨스소설,,
국내도서>소설/시/희곡>로맨스소설>한국 로맨스소설,,
국내도서>소설/시/희곡>로맨스소설>한국 로맨스소설,,
국내도서>소설/시/희곡>로맨스소설>한국 로맨스소설,,
국내도서>소설/시/희곡>로맨스소설>한국 로맨스소설,,
국내도서>소설/시/희곡>로맨스소설>한국 로맨스소설,,
국내도서>소설/시/희곡>로맨스소설>한국 로맨스소설,,
국내도서>소설/시/희곡>문학 잡지>릿터,,
국내도서>소설/시/희곡>문학 잡지>문학동네,,
국내도서>소설/시/희곡>문학 잡지>악스트,,
국내도서>소설/시/희곡>문학 잡지>자음과모음,,
국내도서>소설/시/희곡>문학 잡지>창작과비평,,
국내도서>소설/시/희곡>문학의 이해>세계문학론>기타 세계문학론,,
국내도서>소설/시/희곡>문학의 이해>소설론,,
국내도서>소설/시/희곡>문학의 이해>소설론,,
국내도서>소설/시/희곡>문학의 이해>시론,,
국내도서>소설/시/희곡>문학의 이해>창작.문장작법,,
국내도서>소설/시/희곡>세계의 문학>영국문학,,
국내도서>소설/시/희곡>세계의 소설>기타 국가 소설,,
국내도서>소설/시/희곡>세계의 소설>기타 국가 소설,,
국내도서>소설/시/희곡>세계의 소설>기타 국가 소설,,
국내도서>소설/시/희곡>세계의 소설>기타 국가 소설,,
국내도서>소설/시/희곡>세계의 소설>기타 국가 소설,,
국내도서>소설/시/희곡>세계의 소설>기타 국가 소설,,
국내도서>소설/시/희곡>세계의 소설>동유럽소설,,
국내도서>소설/시/희곡>세계의 소설>동유럽소설,,
국내도서>소설/시/희곡>세계의 소설>북유럽소설,,
국내도서>소설/시/희곡>세계의 소설>북유럽소설,,
국내도서>소설/시/희곡>세계의 소설>아일랜드소설,,
국내도서>소설/시/희곡>세계의 소설>아일랜드소설,,
국내도서>소설/시/희곡>세계의 소설>이탈리아소설,,
국내도서>소설/시/희곡>스페인/중남미소설,,
국내도서>소설/시/희곡>스페인/중남미소설,,
국내도서>소설/시/희곡>스페인/중남미소설,,
국내도서>소설/시/희곡>스페인/중남미소설,,
국내도서>소설/시/희곡>스페인/중남미소설,,
국내도서>소설/시/희곡>스페인/중남미소설,,
국내도서>소설/시/희곡>스페인/중남미소설,,
국내도서>소설/시/희곡>시>외국시,,
국내도서>소설/시/희곡>시>외국시,,
국내도서>소설/시/희곡>시>외국시,,
국내도서>소설/시/희곡>시>외국시,,
국내도서>소설/시/희곡>시>외국시,,
국내도서>소설/시/희곡>시>외국시,,
국내도서>소설/시/희곡>시>외국시,,
국내도서>소설/시/희곡>시>한국시,,
국내도서>소설/시/희곡>시>한국시,,
국내도서>소설/시/희곡>시>한국시,,
국내도서>소설/시/희곡>시>한국시,,
국내도서>소설/시/희곡>시>한국시,,
국내도서>소설/시/희곡>시>한국시,,
국내도서>소설/시/희곡>시>한국시,,
국내도서>소설/시/희곡>시>한국시,,
국내도서>소설/시/희곡>시>한국시,,
국내도서>소설/시/희곡>시>한국시,,
국내도서>소설/시/희곡>시>한국시,,
국내도서>소설/시/희곡>시>한국시,,
국내도서>소설/시/희곡>시>한국시,,
국내도서>소설/시/희곡>시>한국시,,
국내도서>소설/시/희곡>시>한국시,,
국내도서>소설/시/희곡>시>한국시,,
국내도서>소설/시/희곡>시>한국시,,
국내도서>소설/시/희곡>시>한국시,,
국내도서>소설/시/희곡>시>한국시,,
국내도서>소설/시/희곡>시>한국시,,
국내도서>소설/시/희곡>시>한국시,,
국내도서>소설/시/희곡>시>한국시,,
국내도서>소설/시/희곡>시>한국시,,
국내도서>소설/시/희곡>시>한국시,,
국내도서>소설/시/희곡>시>한국시,,
국내도서>소설/시/희곡>시>한국시,,
국내도서>소설/시/희곡>액션/스릴러소설>외국 액션/스릴러소설,,
국내도서>소설/시/희곡>액션/스릴러소설>외국 액션/스릴러소설,,
국내도서>소설/시/희곡>액션/스릴러소설>외국 액션/스릴러소설,,
국내도서>소설/시/희곡>역사소설>외국 역사소설,,
국내도서>소설/시/희곡>역사소설>외국 역사소설,,
국내도서>소설/시/희곡>역사소설>외국 역사소설,,
국내도서>소설/시/희곡>역사소설>한국 역사소설,,
국내도서>소설/시/희곡>영미소설,,
국내도서>소설/시/희곡>영미소설,,
국내도서>소설/시/희곡>영미소설,,
국내도서>소설/시/희곡>영미소설,,
국내도서>소설/시/희곡>영미소설,,
국내도서>소설/시/희곡>영미소설,,
국내도서>소설/시/희곡>영미소설,,
국내도서>소설/시/희곡>영미소설,,
국내도서>소설/시/희곡>영미소설,,
국내도서>소설/시/희곡>영미소설,,
국내도서>소설/시/희곡>영미소설,,
국내도서>소설/시/희곡>영미소설,,
국내도서>소설/시/희곡>영미소설,,
국내도서>소설/시/희곡>영미소설,,
국내도서>소설/시/희곡>영미소설,,
국내도서>소설/시/희곡>영미소설,,
국내도서>소설/시/희곡>영미소설,,
국내도서>소설/시/희곡>영미소설,,
국내도서>소설/시/희곡>영미소설,,
국내도서>소설/시/희곡>영미소설,,
국내도서>소설/시/희곡>영미소설,,
국내도서>소설/시/희곡>영미소설,,
국내도서>소설/시/희곡>영미소설,,
국내도서>소설/시/희곡>영미소설,,
국내도서>소설/시/희곡>영미소설,,
국내도서>소설/시/희곡>영미소설,,
국내도서>소설/시/희곡>영미소설,,
국내도서>소설/시/희곡>영미소설,,
국내도서>소설/시/희곡>영미소설,,
국내도서>소설/시/희곡>영미소설,,
국내도서>소설/시/희곡>영미소설,,
국내도서>소설/시/희곡>영미소설,,
국내도서>소설/시/희곡>영미소설,,
국내도서>소설/시/희곡>영미소설,,
국내도서>소설/시/희곡>영미소설,,
국내도서>소설/시/희곡>영미소설,,
국내도서>소설/시/희곡>영미소설,,
국내도서>소설/시/희곡>영미소설,,
국내도서>소설/시/희곡>영미소설,,
국내도서>소설/시/희곡>영미소설,,
국내도서>소설/시/희곡>영미소설,,
국내도서>소설/시/희곡>영미소설,,
국내도서>소설/시/희곡>영미소설,,
국내도서>소설/시/희곡>영미소설,,
국내도서>소설/시/희곡>영미소설,,
국내도서>소설/시/희곡>영미소설,,
국내도서>소설/시/희곡>영미소설,,
국내도서>소설/시/희곡>영미소설,,
국내도서>소설/시/희곡>우리나라 옛글>산문,,
국내도서>소설/시/희곡>우리나라 옛글>산문,,
국내도서>소설/시/희곡>일본소설>1950년대 이전 일본소설,,
국내도서>소설/시/희곡>일본소설>1950년대 이후 일본소설,,
국내도서>소설/시/희곡>일본소설>1950년대 이후 일본소설,,
국내도서>소설/시/희곡>일본소설>1950년대 이후 일본소설,,
국내도서>소설/시/희곡>일본소설>1950년대 이후 일본소설,,
국내도서>소설/시/희곡>일본소설>1950년대 이후 일본소설,,
국내도서>소설/시/희곡>일본소설>1950년대 이후 일본소설,,
국내도서>소설/시/희곡>일본소설>1950년대 이후 일본소설,,
국내도서>소설/시/희곡>일본소설>1950년대 이후 일본소설,,
국내도서>소설/시/희곡>일본소설>1950년대 이후 일본소설,,
국내도서>소설/시/희곡>일본소설>1950년대 이후 일본소설,,
국내도서>소설/시/희곡>일본소설>1950년대 이후 일본소설,,
국내도서>소설/시/희곡>일본소설>1950년대 이후 일본소설,,
국내도서>소설/시/희곡>일본소설>1950년대 이후 일본소설,,
국내도서>소설/시/희곡>추리/미스터리소설>기타국가 추리/미스터리소설,,
국내도서>소설/시/희곡>추리/미스터리소설>기타국가 추리/미스터리소설,,
국내도서>소설/시/희곡>추리/미스터리소설>영미 추리/미스터리소설,,
국내도서>소설/시/희곡>추리/미스터리소설>영미 추리/미스터리소설,,
국내도서>소설/시/희곡>추리/미스터리소설>일본 추리/미스터리소설,,
국내도서>소설/시/희곡>추리/미스터리소설>일본 추리/미스터리소설,,
국내도서>소설/시/희곡>추리/미스터리소설>일본 추리/미스터리소설,,
국내도서>소설/시/희곡>추리/미스터리소설>일본 추리/미스터리소설,,
국내도서>소설/시/희곡>추리/미스터리소설>일본 추리/미스터리소설,,
국내도서>소설/시/희곡>추리/미스터리소설>일본 추리/미스터리소설,,
국내도서>소설/시/희곡>추리/미스터리소설>일본 추리/미스터리소설,,
국내도서>소설/시/희곡>추리/미스터리소설>일본 추리/미스터리소설,,
국내도서>소설/시/희곡>추리/미스터리소설>일본 추리/미스터리소설,,
국내도서>소설/시/희곡>추리/미스터리소설>일본 추리/미스터리소설,,
국내도서>소설/시/희곡>추리/미스터리소설>일본 추리/미스터리소설,,
국내도서>소설/시/희곡>추리/미스터리소설>일본 추리/미스터리소설,,
국내도서>소설/시/희곡>추리/미스터리소설>일본 추리/미스터리소설,,
국내도서>소설/시/희곡>추리/미스터리소설>일본 추리/미스터리소설,,
국내도서>소설/시/희곡>추리/미스터리소설>일본 추리/미스터리소설,,
국내도서>소설/시/희곡>추리/미스터리소설>한국 추리/미스터리소설,,
국내도서>소설/시/희곡>추리/미스터리소설>한국 추리/미스터리소설,,
국내도서>소설/시/희곡>추리/미스터리소설>한국 추리/미스터리소설,,
국내도서>소설/시/희곡>추리/미스터리소설>한국 추리/미스터리소설,,
국내도서>소설/시/희곡>추리/미스터리소설>한국 추리/미스터리소설,,
국내도서>소설/시/희곡>판타지/환상문학>외국판타지/환상소설,,
국내도서>소설/시/희곡>판타지/환상문학>외국판타지/환상소설,,
국내도서>소설/시/희곡>판타지/환상문학>외국판타지/환상소설,,
국내도서>소설/시/희곡>판타지/환상문학>외국판타지/환상소설,,
국내도서>소설/시/희곡>판타지/환상문학>외국판타지/환상소설,,
국내도서>소설/시/희곡>판타지/환상문학>한국판타지/환상소설,,
국내도서>소설/시/희곡>판타지/환상문학>한국판타지/환상소설,,
국내도서>소설/시/희곡>판타지/환상문학>한국판타지/환상소설,,
국내도서>소설/시/희곡>판타지/환상문학>한국판타지/환상소설,,
국내도서>소설/시/희곡>판타지/환상문학>한국판타지/환상소설,,
국내도서>소설/시/희곡>프랑스소설,,
국내도서>소설/시/희곡>프랑스소설,,
국내도서>소설/시/희곡>프랑스소설,,
국내도서>소설/시/희곡>프랑스소설,,
국내도서>소설/시/희곡>프랑스소설,,
국내도서>소설/시/희곡>프랑스소설,,
국내도서>소설/시/희곡>프랑스소설,,
국내도서>소설/시/희곡>프랑스소설,,
국내도서>소설/시/희곡>프랑스소설,,
국내도서>소설/시/희곡>프랑스소설,,
국내도서>소설/시/희곡>프랑스소설,,
국내도서>소설/시/희곡>프랑스소설,,
국내도서>소설/시/희곡>프랑스소설,,
국내도서>소설/시/희곡>프랑스소설,,
국내도서>소설/시/희곡>프랑스소설,,
국내도서>소설/시/희곡>프랑스소설,,
국내도서>소설/시/희곡>프랑스소설,,
국내도서>소설/시/희곡>프랑스소설,,
국내도서>소설/시/희곡>프랑스소설,,
국내도서>소설/시/희곡>프랑스소설,,
국내도서>소설/시/희곡>프랑스소설,,
국내도서>소설/시/희곡>프랑스소설,,
국내도서>소설/시/희곡>프랑스소설,,
국내도서>소설/시/희곡>한국소설>2000년대 이전 한국소설,,
국내도서>소설/시/희곡>한국소설>2000년대 이전 한국소설,,
국내도서>소설/시/희곡>한국소설>2000년대 이전 한국소설,,
국내도서>소설/시/희곡>한국소설>2000년대 이전 한국소설,,
국내도서>소설/시/희곡>한국소설>2000년대 이후 한국소설,,
국내도서>소설/시/희곡>한국소설>2000년대 이후 한국소설,,
국내도서>소설/시/희곡>한국소설>2000년대 이후 한국소설,,
국내도서>소설/시/희곡>한국소설>2000년대 이후 한국소설,,
국내도서>소설/시/희곡>한국소설>2000년대 이후 한국소설,,
국내도서>소설/시/희곡>한국소설>2000년대 이후 한국소설,,
국내도서>소설/시/희곡>한국소설>2000년대 이후 한국소설,,
국내도서>소설/시/희곡>한국소설>2000년대 이후 한국소설,,
국내도서>소설/시/희곡>한국소설>2000년대 이후 한국소설,,
국내도서>소설/시/희곡>한국소설>2000년대 이후 한국소설,,
국내도서>소설/시/희곡>한국소설>2000년대 이후 한국소설,,
국내도서>소설/시/희곡>한국소설>2000년대 이후 한국소설,,
국내도서>소설/시/희곡>한국소설>2000년대 이후 한국소설,,
국내도서>소설/시/희곡>한국소설>2000년대 이후 한국소설,,
국내도서>소설/시/희곡>한국소설>2000년대 이후 한국소설,,
국내도서>소설/시/희곡>한국소설>2000년대 이후 한국소설,,
국내도서>소설/시/희곡>한국소설>2000년대 이후 한국소설,,
국내도서>소설/시/희곡>한국소설>2000년대 이후 한국소설,,
국내도서>소설/시/희곡>한국소설>2000년대 이후 한국소설,,
국내도서>소설/시/희곡>한국소설>2000년대 이후 한국소설,,
국내도서>소설/시/희곡>한국소설>2000년대 이후 한국소설,,
국내도서>소설/시/희곡>한국소설>2000년대 이후 한국소설,,
국내도서>소설/시/희곡>한국소설>2000년대 이후 한국소설,,
국내도서>소설/시/희곡>한국소설>2000년대 이후 한국소설,,
국내도서>소설/시/희곡>한국소설>2000년대 이후 한국소설,,
국내도서>소설/시/희곡>한국소설>2000년대 이후 한국소설,,
국내도서>소설/시/희곡>한국소설>2000년대 이후 한국소설,,
국내도서>소설/시/희곡>한국소설>2000년대 이후 한국소설,,
국내도서>소설/시/희곡>한국소설>2000년대 이후 한국소설,,
국내도서>소설/시/희곡>한국소설>2000년대 이후 한국소설,,
국내도서>소설/시/희곡>한국소설>2000년대 이후 한국소설,,
국내도서>소설/시/희곡>한국소설>2000년대 이후 한국소설,,
국내도서>소설/시/희곡>한국소설>2000년대 이후 한국소설,,
국내도서>소설/시/희곡>한국소설>2000년대 이후 한국소설,,
국내도서>소설/시/희곡>한국소설>2000년대 이후 한국소설,,
국내도서>소설/시/희곡>한국소설>2000년대 이후 한국소설,,
국내도서>소설/시/희곡>한국소설>2000년대 이후 한국소설,,
국내도서>소설/시/희곡>한국소설>2000년대 이후 한국소설,,
국내도서>소설/시/희곡>한국소설>2000년대 이후 한국소설,,
국내도서>소설/시/희곡>한국소설>2000년대 이후 한국소설,,
국내도서>소설/시/희곡>한국소설>2000년대 이후 한국소설,,
국내도서>소설/시/희곡>한국소설>2000년대 이후 한국소설,,
국내도서>소설/시/희곡>한국소설>2000년대 이후 한국소설,,
국내도서>소설/시/희곡>한국소설>2000년대 이후 한국소설,,
국내도서>소설/시/희곡>한국소설>2000년대 이후 한국소설,,
국내도서>소설/시/희곡>한국소설>2000년대 이후 한국소설,,
국내도서>소설/시/희곡>한국소설>2000년대 이후 한국소설,,
국내도서>소설/시/희곡>한국소설>2000년대 이후 한국소설,,
국내도서>소설/시/희곡>한국소설>2000년대 이후 한국소설,,
국내도서>소설/시/희곡>호러.공포소설>외국 호러.공포소설,,
국내도서>소설/시/희곡>호러.공포소설>외국 호러.공포소설,,
국내도서>소설/시/희곡>호러.공포소설>한국 호러.공포소설,,
국내도서>소설/시/희곡>희곡>외국희곡,,
국내도서>소설/시/희곡>희곡>외국희곡,,
국내도서>소설/시/희곡>희곡>외국희곡,,
국내도서>소설/시/희곡>희곡>외국희곡,,
국내도서>소설/시/희곡>희곡>외국희곡,,
국내도서>수험서/자격증>공무원 수험서>7/9급 공무원>국어>7/9급 기본서 및 부교재,,
국내도서>수험서/자격증>공무원 수험서>7/9급 공무원>국어>기출/문제집/모의고사,,
국내도서>수험서/자격증>공무원 수험서>7/9급 공무원>직군별 문제집>기계직,,
국내도서>수험서/자격증>공무원 수험서>7/9급 공무원>직군별 문제집>기계직,,
국내도서>수험서/자격증>공무원 수험서>7/9급 공무원>직군별 문제집>기타,,
국내도서>수험서/자격증>공무원 수험서>7/9급 공무원>직군별 문제집>법원직,,
국내도서>수험서/자격증>공무원 수험서>7/9급 공무원>회계학/경제학>회계학,,
국내도서>수험서/자격증>공무원 수험서>기능직>운전직,,
국내도서>수험서/자격증>공무원 수험서>소방공무원(승진)>기타 과목,,
국내도서>수험서/자격증>민간자격>CS Leaders(관리사),,
국내도서>어린이>TV/만화/영화>TV 방영작,,
국내도서>어린이>과학/수학/컴퓨터>과학 일반,,
국내도서>어린이>과학/수학/컴퓨터>과학 일반,,
국내도서>어린이>과학/수학/컴퓨터>생물과 생명,,
국내도서>어린이>과학/수학/컴퓨터>생물과 생명,,
국내도서>어린이>과학/수학/컴퓨터>환경 이야기,,
국내도서>어린이>동화/명작/고전>국내창작동화,,
국내도서>어린이>동화/명작/고전>국내창작동화,,
국내도서>어린이>동화/명작/고전>세계명작,,
국내도서>어린이>동화/명작/고전>세계명작,,
국내도서>어린이>동화/명작/고전>어린이를 위한 고전,,
국내도서>어린이>문화/예술/인물>세계인물,,
국내도서>어린이>사회/역사/철학>세계사,,
국내도서>어린이>사회/역사/철학>세계사,,
국내도서>어린이>사회/역사/철학>신화/종교,,
국내도서>어린이>사회/역사/철학>지리/지도책,,
국내도서>어린이>책읽기/글쓰기>논리/논술,,
국내도서>어린이>책읽기/글쓰기>논리/논술,,
국내도서>어린이>초등 전학년>동화/명작/고전,,
국내도서>에세이>명사에세이>기타 명사에세이,,
국내도서>에세이>명사에세이>기타 명사에세이,,
국내도서>에세이>명사에세이>기타 명사에세이,,
국내도서>에세이>명사에세이>기타 명사에세이,,
국내도서>에세이>명사에세이>방송연예인에세이,,
국내도서>에세이>명상에세이,,
국내도서>에세이>사진/그림 에세이,,
국내도서>에세이>사진/그림 에세이,,
국내도서>에세이>외국에세이,,
국내도서>에세이>외국에세이,,
국내도서>에세이>외국에세이,,
국내도서>에세이>외국에세이,,
국내도서>에세이>외국에세이,,
국내도서>에세이>외국에세이,,
국내도서>에세이>한국에세이,,
국내도서>에세이>한국에세이,,
국내도서>에세이>한국에세이,,
국내도서>에세이>한국에세이,,
국내도서>에세이>한국에세이,,
국내도서>에세이>한국에세이,,
국내도서>에세이>한국에세이,,
국내도서>에세이>한국에세이,,
국내도서>에세이>한국에세이,,
국내도서>에세이>한국에세이,,
국내도서>에세이>한국에세이,,
국내도서>에세이>한국에세이,,
국내도서>에세이>한국에세이,,
국내도서>에세이>한국에세이,,
국내도서>에세이>한국에세이,,
국내도서>에세이>한국에세이,,
국내도서>에세이>한국에세이,,
국내도서>에세이>한국에세이,,
국내도서>에세이>한국에세이,,
국내도서>에세이>한국에세이,,
국내도서>에세이>한국에세이,,
국내도서>에세이>한국에세이,,
국내도서>에세이>한국에세이,,
국내도서>에세이>한국에세이,,
국내도서>에세이>한국에세이,,
국내도서>에세이>한국에세이,,
국내도서>에세이>한국에세이,,
국내도서>에세이>한국에세이,,
국내도서>에세이>한국에세이,,
국내도서>에세이>한국에세이,,
국내도서>여행>국내 여행에세이,,
국내도서>역사>고고학,,
국내도서>역사>고고학,,
국내도서>역사>문화/역사기행>동서양 문화/역사기행,,
국내도서>역사>문화/역사기행>동서양 문화/역사기행,,
국내도서>역사>문화/역사기행>동서양 문화/역사기행,,
국내도서>역사>문화/역사기행>동서양 문화/역사기행,,
국내도서>역사>문화/역사기행>한국 문화/역사기행,,
국내도서>역사>서양사>로마사,,
국내도서>역사>서양사>로마사,,
국내도서>역사>서양사>로마사,,
국내도서>역사>서양사>서양고대사,,
국내도서>역사>서양사>서양고대사,,
국내도서>역사>서양사>서양고대사,,
국내도서>역사>서양사>서양고대사,,
국내도서>역사>서양사>서양고대사,,
국내도서>역사>서양사>서양고대사,,
국내도서>역사>서양사>서양근현대사,,
국내도서>역사>서양사>서양근현대사,,
국내도서>역사>서양사>서양근현대사,,
국내도서>역사>서양사>서양사일반,,
국내도서>역사>서양사>서양사일반,,
국내도서>역사>서양사>서양중세사,,
국내도서>역사>서양사>서양중세사,,
국내도서>역사>서양사>서양중세사,,
국내도서>역사>세계사 일반,,
국내도서>역사>세계사 일반,,
국내도서>역사>세계사 일반,,
국내도서>역사>세계사 일반,,
국내도서>역사>세계사 일반,,
국내도서>역사>세계사 일반,,
국내도서>역사>세계사 일반,,
국내도서>역사>세계사 일반,,
국내도서>역사>세계사 일반,,
국내도서>역사>세계사 일반,,
국내도서>역사>세계사 일반,,
국내도서>역사>세계사 일반,,
국내도서>역사>세계사 일반,,
국내도서>역사>세계사 일반,,
국내도서>역사>세계사 일반,,
국내도서>역사>세계사 일반,,
국내도서>역사>세계사 일반,,
국내도서>역사>세계사 일반,,
국내도서>역사>세계사 일반,,
국내도서>역사>세계사 일반,,
국내도서>역사>세계사 일반,,
국내도서>역사>세계사 일반,,
국내도서>역사>세계사 일반,,
국내도서>역사>세계사 일반,,
국내도서>역사>세계사 일반,,
국내도서>역사>세계사 일반,,
국내도서>역사>세계사 일반,,
국내도서>역사>세계사 일반,,
국내도서>역사>세계사 일반,,
국내도서>역사>세계사 일반,,
국내도서>역사>세계사 일반,,
국내도서>역사>세계사 일반,,
국내도서>역사>세계사 일반,,
국내도서>역사>세계사 일반,,
국내도서>역사>세계사 일반,,
국내도서>역사>세계사 일반,,
국내도서>역사>세계사 일반,,
국내도서>역사>세계사 일반,,
국내도서>역사>세계사 일반,,
국내도서>역사>세계사 일반,,
국내도서>역사>세계사 일반,,
국내도서>역사>세계사 일반,,
국내도서>역사>세계사 일반,,
국내도서>역사>아메리카사>미국/캐나다사,,
국내도서>역사>아메리카사>미국/캐나다사,,
국내도서>역사>아메리카사>미국/캐나다사,,
국내도서>역사>아시아사>서남아시아사,,
국내도서>역사>아시아사>중앙아시아사,,
국내도서>역사>아시아사>중앙아시아사,,
국내도서>역사>아시아사>중앙아시아사,,
국내도서>역사>아시아사>중앙아시아사,,
국내도서>역사>아시아사>중앙아시아사,,
국내도서>역사>아시아사>중앙아시아사,,
국내도서>역사>아프리카/오세아니아사,,
국내도서>역사>역사학>역사학 일반,,
국내도서>역사>유럽사>독일/오스트리아사,,
국내도서>역사>유럽사>동유럽사,,
국내도서>역사>유럽사>영국사,,
국내도서>역사>유럽사>영국사,,
국내도서>역사>유럽사>영국사,,
국내도서>역사>유럽사>영국사,,
국내도서>역사>이슬람/중동/이스라엘>고대 문명 태동기,,
국내도서>역사>이슬람/중동/이스라엘>중세시대,,
국내도서>역사>일본사>일본근현대사,,
국내도서>역사>일본사>일본근현대사,,
국내도서>역사>일본사>일본근현대사,,
국내도서>역사>일본사>일본사 일반,,
국내도서>역사>일본사>일본사 일반,,
국내도서>역사>조선사>조선시대 일반,,
국내도서>역사>조선사>조선시대 일반,,
국내도서>역사>조선사>조선시대 일반,,
국내도서>역사>조선사>조선시대 일반,,
국내도서>역사>조선사>조선시대 일반,,
국내도서>역사>조선사>조선전기(개국~임진왜란 이전),,
국내도서>역사>조선사>조선전기(개국~임진왜란 이전),,
국내도서>역사>조선사>조선전기(개국~임진왜란 이전),,
국내도서>역사>조선사>조선전기(개국~임진왜란 이전),,
국내도서>역사>조선사>조선중기(임진왜란~경종),,
국내도서>역사>조선사>조선중기(임진왜란~경종),,
국내도서>역사>조선사>조선중기(임진왜란~경종),,
국내도서>역사>조선사>조선중기(임진왜란~경종),,
국내도서>역사>조선사>조선후기(영조~순종),,
국내도서>역사>조선사>조선후기(영조~순종),,
국내도서>역사>조선사>조선후기(영조~순종),,
국내도서>역사>조선사>조선후기(영조~순종),,
국내도서>역사>조선사>조선후기(영조~순종),,
국내도서>역사>조선사>조선후기(영조~순종),,
국내도서>역사>조선사>조선후기(영조~순종),,
국내도서>역사>중국사>중국고대사(선사시대~진한시대),,
국내도서>역사>중국사>중국고대사(선사시대~진한시대),,
국내도서>역사>중국사>중국고대사(선사시대~진한시대),,
국내도서>역사>중국사>중국고대사(선사시대~진한시대),,
국내도서>역사>중국사>중국고대사(선사시대~진한시대),,
국내도서>역사>중국사>중국고대사(선사시대~진한시대),,
국내도서>역사>중국사>중국고대사(선사시대~진한시대),,
국내도서>역사>중국사>중국고대사(선사시대~진한시대),,
국내도서>역사>중국사>중국고대사(선사시대~진한시대),,
국내도서>역사>중국사>중국고대사(선사시대~진한시대),,
국내도서>역사>중국사>중국고대사(선사시대~진한시대),,
국내도서>역사>중국사>중국근세사(원~ 아편전쟁),,
국내도서>역사>중국사>중국근현대사(아편전쟁 이후),,
국내도서>역사>중국사>중국사 일반,,
국내도서>역사>중국사>중국사 일반,,
"국내도서>역사>중국사>중국중세사(위진남북조~당,송)",,
국내도서>역사>테마로 보는 역사>문명/문화사,,
국내도서>역사>테마로 보는 역사>전쟁사,,
국내도서>역사>학회/무크/계간지,,
국내도서>역사>한국고대~고려시대>한국고대사>백제,,
국내도서>역사>한국고대~고려시대>한국고대사>백제,,
국내도서>역사>한국고대~고려시대>한국고대사>신라/통일신라,,
국내도서>역사>한국근현대사>근대개화기,,
국내도서>역사>한국근현대사>근대개화기,,
국내도서>역사>한국근현대사>일제치하/항일시대,,
국내도서>역사>한국근현대사>일제치하/항일시대,,
국내도서>역사>한국근현대사>일제치하/항일시대,,
국내도서>역사>한국근현대사>일제치하/항일시대,,
국내도서>역사>한국근현대사>일제치하/항일시대,,
국내도서>역사>한국근현대사>한국전쟁 이후~현재,,
국내도서>역사>한국근현대사>한국전쟁 이후~현재,,
국내도서>역사>한국근현대사>한국전쟁 이후~현재,,
국내도서>역사>한국근현대사>한국전쟁 이후~현재,,
국내도서>역사>한국근현대사>한국전쟁 이후~현재,,
국내도서>역사>한국근현대사>한국전쟁 이후~현재,,
국내도서>역사>한국근현대사>해방전후사/한국전쟁,,
국내도서>역사>한국근현대사>해방전후사/한국전쟁,,
국내도서>역사>한국근현대사>해방전후사/한국전쟁,,
국내도서>역사>한국사 일반,,
국내도서>역사>한국사 일반,,
국내도서>역사>한국사 일반,,
국내도서>역사>한국사 일반,,
국내도서>역사>한국사 일반,,
국내도서>역사>한국사 일반,,
국내도서>역사>한국사 일반,,
국내도서>역사>한국사 일반,,
국내도서>역사>한국사 일반,,
국내도서>역사>한국사 일반,,
국내도서>역사>한국사 일반,,
국내도서>예술/대중문화>건축>건축이론/비평/역사,,
국내도서>예술/대중문화>건축>건축이론/비평/역사,,
국내도서>예술/대중문화>건축>건축이론/비평/역사,,
국내도서>예술/대중문화>디자인/공예>디자인이론/비평/역사,,
국내도서>예술/대중문화>미술>미술 이야기,,
국내도서>예술/대중문화>미술>화집,,
국내도서>예술/대중문화>사진>사진집,,
국내도서>예술/대중문화>연극>연극인/연극이야기,,
국내도서>예술/대중문화>영화/드라마>시나리오/시나리오작법,,
국내도서>예술/대중문화>음악>악보/작곡>피아노 및 건반악기 악보,,
국내도서>예술/대중문화>음악>음악가,,
국내도서>외국어>영어독해,,
국내도서>외국어>영어학습법,,
국내도서>외국어>영어회화>생활영어,,
국내도서>외국어>외국인을 위한 한국어>한국어 일반,,
국내도서>외국어>토익>Grammar,,
국내도서>유아>그림책>나라별 그림책>한국 그림책,,
국내도서>유아>유아 교양/학습>유아 자연관찰/과학>자연관찰/과학일반,,
국내도서>인문학>교양 인문학,,
국내도서>인문학>교양 인문학,,
국내도서>인문학>교양 인문학,,
국내도서>인문학>교양 인문학,,
국내도서>인문학>교양 인문학,,
국내도서>인문학>교양 인문학,,
국내도서>인문학>교양 인문학,,
국내도서>인문학>교양 인문학,,
국내도서>인문학>교양 인문학,,
국내도서>인문학>교양 인문학,,
국내도서>인문학>교양 인문학,,
국내도서>인문학>교양 인문학,,
국내도서>인문학>교양 인문학,,
국내도서>인문학>교양 인문학,,
국내도서>인문학>교양 인문학,,
국내도서>인문학>교양 인문학,,
국내도서>인문학>교양 인문학,,
국내도서>인문학>교양 인문학,,
국내도서>인문학>교양 인문학,,
국내도서>인문학>교양 인문학,,
국내도서>인문학>교양 인문학,,
국내도서>인문학>교양 인문학,,
국내도서>인문학>교양 인문학,,
국내도서>인문학>교양 인문학,,
국내도서>인문학>교양 인문학,,
국내도서>인문학>교양 인문학,,
국내도서>인문학>교양 인문학,,
국내도서>인문학>교양 인문학,,
국내도서>인문학>교양 인문학,,
국내도서>인문학>기호학/언어학>언어학/언어사,,
국내도서>인문학>기호학/언어학>언어학/언어사,,
국내도서>인문학>동양철학>동양철학 일반,,
국내도서>인문학>동양철학>동양철학 일반,,
국내도서>인문학>동양철학>동양철학 일반,,
국내도서>인문학>동양철학>유교철학/주역>유교철학 일반,,
국내도서>인문학>문화/문화이론>문화사,,
국내도서>인문학>문화/문화이론>문화사,,
국내도서>인문학>문화/문화이론>문화연구/문화이론,,
국내도서>인문학>문화/문화이론>문화연구/문화이론,,
국내도서>인문학>문화/문화이론>한국학/한국문화>한국문화유산,,
국내도서>인문학>문화/문화이론>한국학/한국문화>한국문화유산,,
국내도서>인문학>문화/문화이론>한국학/한국문화>한국문화유산,,
국내도서>인문학>문화/문화이론>한국학/한국문화>한국문화유산,,
국내도서>인문학>문화/문화이론>한국학/한국문화>한국인과 한국문화,,
국내도서>인문학>서양철학>고대철학>고대철학 일반,,
국내도서>인문학>서양철학>고대철학>고대철학 일반,,
국내도서>인문학>서양철학>고대철학>고대철학 일반,,
국내도서>인문학>서양철학>고대철학>고대철학 일반,,
국내도서>인문학>서양철학>고대철학>소크라테스,,
국내도서>인문학>서양철학>고대철학>아리스토텔레스,,
국내도서>인문학>서양철학>고대철학>아리스토텔레스,,
국내도서>인문학>서양철학>고대철학>플라톤,,
국내도서>인문학>서양철학>과학철학,,
국내도서>인문학>서양철학>과학철학,,
국내도서>인문학>서양철학>과학철학,,
국내도서>인문학>서양철학>근대철학>근대철학 일반,,
국내도서>인문학>서양철학>근대철학>근대철학 일반,,
국내도서>인문학>서양철학>독일철학,,
국내도서>인문학>서양철학>서양철학 일반,,
국내도서>인문학>서양철학>서양철학사,,
국내도서>인문학>서양철학>윤리학/도덕철학,,
국내도서>인문학>서양철학>중세철학>중세철학 일반,,
국내도서>인문학>서양철학>현대철학>러셀/비트겐슈타인,,
국내도서>인문학>서양철학>현대철학>미셸 푸코,,
국내도서>인문학>서양철학>현대철학>프리드리히 니체,,
국내도서>인문학>서양철학>현대철학>프리드리히 니체,,
국내도서>인문학>서양철학>현대철학>현대철학 일반,,
국내도서>인문학>서지/출판>서지/문헌/도서관,,
국내도서>인문학>신화/종교학>그리스로마 신화,,
국내도서>인문학>신화/종교학>그리스로마 신화,,
국내도서>인문학>신화/종교학>세계의 신화와 전설>세계의 신화와 전설 일반,,
국내도서>인문학>심리학/정신분석학>교양 심리학,,
국내도서>인문학>심리학/정신분석학>교양 심리학,,
국내도서>인문학>심리학/정신분석학>교양 심리학,,
국내도서>인문학>심리학/정신분석학>교양 심리학,,
국내도서>인문학>심리학/정신분석학>교양 심리학,,
국내도서>인문학>심리학/정신분석학>교양 심리학,,
국내도서>인문학>심리학/정신분석학>교양 심리학,,
국내도서>인문학>심리학/정신분석학>교양 심리학,,
국내도서>인문학>심리학/정신분석학>교양 심리학,,
국내도서>인문학>심리학/정신분석학>교양 심리학,,
국내도서>인문학>심리학/정신분석학>교양 심리학,,
국내도서>인문학>심리학/정신분석학>교양 심리학,,
국내도서>인문학>심리학/정신분석학>교양 심리학,,
국내도서>인문학>심리학/정신분석학>교양 심리학,,
국내도서>인문학>심리학/정신분석학>교양 심리학,,
국내도서>인문학>심리학/정신분석학>교양 심리학,,
국내도서>인문학>심리학/정신분석학>교양 심리학,,
국내도서>인문학>심리학/정신분석학>교양 심리학,,
국내도서>인문학>심리학/정신분석학>교양 심리학,,
국내도서>인문학>심리학/정신분석학>교양 심리학,,
국내도서>인문학>심리학/정신분석학>교양 심리학,,
국내도서>인문학>심리학/정신분석학>뇌과학/인지심리학,,
국내도서>인문학>심리학/정신분석학>뇌과학/인지심리학,,
국내도서>인문학>심리학/정신분석학>뇌과학/인지심리학,,
국내도서>인문학>심리학/정신분석학>뇌과학/인지심리학,,
국내도서>인문학>심리학/정신분석학>뇌과학/인지심리학,,
국내도서>인문학>심리학/정신분석학>심리치료,,
국내도서>인문학>심리학/정신분석학>심리치료,,
국내도서>인문학>심리학/정신분석학>심리치료,,
국내도서>인문학>심리학/정신분석학>이론 심리학,,
국내도서>인문학>심리학/정신분석학>정신분석학,,
국내도서>인문학>심리학/정신분석학>정신분석학,,
국내도서>인문학>심리학/정신분석학>프로이트,,
국내도서>인문학>인류학/고고학>인류학,,
국내도서>인문학>인문 비평,,
국내도서>인문학>인문 에세이,,
국내도서>인문학>인문 에세이,,
국내도서>인문학>인문 에세이,,
국내도서>인문학>인문 에세이,,
국내도서>인문학>인문 에세이,,
국내도서>인문학>인문 에세이,,
국내도서>인문학>인문 에세이,,
국내도서>인문학>인문 에세이,,
국내도서>인문학>인문 에세이,,
국내도서>인문학>책읽기/글쓰기>글쓰기,,
국내도서>인문학>책읽기/글쓰기>글쓰기,,
국내도서>인문학>책읽기/글쓰기>글쓰기,,
국내도서>인문학>책읽기/글쓰기>글쓰기,,
국내도서>인문학>책읽기/글쓰기>글쓰기,,
국내도서>인문학>책읽기/글쓰기>글쓰기,,
국내도서>인문학>책읽기/글쓰기>글쓰기,,
국내도서>인문학>책읽기/글쓰기>글쓰기,,
국내도서>인문학>책읽기/글쓰기>책읽기,,
국내도서>인문학>책읽기/글쓰기>책읽기,,
국내도서>인문학>책읽기/글쓰기>책읽기,,
국내도서>인문학>책읽기/글쓰기>책읽기,,
국내도서>인문학>책읽기/글쓰기>책읽기,,
국내도서>인문학>철학 일반>교양 철학,,
국내도서>인문학>철학 일반>교양 철학,,
국내도서>인문학>철학 일반>교양 철학,,
국내도서>인문학>철학 일반>교양 철학,,
국내도서>인문학>철학 일반>교양 철학,,
국내도서>자기계발>20대의 자기계발,,
국내도서>자기계발>리더십>리더십,,
국내도서>자기계발>성공>성공담,,
국내도서>자기계발>성공>성공담,,
국내도서>자기계발>성공>성공담,,
국내도서>자기계발>성공>성공담,,
국내도서>자기계발>성공>성공담,,
국내도서>자기계발>성공>성공담,,
국내도서>자기계발>성공>성공학,,
국내도서>자기계발>성공>성공학,,
국내도서>자기계발>성공>성공학,,
국내도서>자기계발>성공>성공학,,
국내도서>자기계발>성공>성공학,,
국내도서>자기계발>성공>성공학,,
국내도서>자기계발>성공>성공학,,
국내도서>자기계발>성공>성공학,,
국내도서>자기계발>성공>성공학,,
국내도서>자기계발>성공>성공학,,
국내도서>자기계발>성공>성공학,,
국내도서>자기계발>성공>성공학,,
국내도서>자기계발>성공>성공학,,
국내도서>자기계발>성공>성공학,,
국내도서>자기계발>성공>성공학,,
국내도서>자기계발>성공>성공학,,
국내도서>자기계발>성공>성공학,,
국내도서>자기계발>성공>성공학,,
국내도서>자기계발>성공>성공학,,
국내도서>자기계발>성공>성공학,,
국내도서>자기계발>성공>성공학,,
국내도서>자기계발>성공>성공학,,
국내도서>자기계발>성공>성공학,,
국내도서>자기계발>성공>성공학,,
국내도서>자기계발>성공>성공학,,
국내도서>자기계발>성공>성공학,,
국내도서>자기계발>성공>성공학,,
국내도서>자기계발>성공>성공학,,
국내도서>자기계발>성공>성공학,,
국내도서>자기계발>성공>성공학,,
국내도서>자기계발>성공>성공학,,
국내도서>자기계발>성공>성공학,,
국내도서>자기계발>성공>성공학,,
국내도서>자기계발>성공>성공학,,
국내도서>자기계발>성공>성공학,,
국내도서>자기계발>성공>성공학,,
국내도서>자기계발>성공>성공학,,
국내도서>자기계발>성공>성공학,,
국내도서>자기계발>성공>성공학,,
국내도서>자기계발>성공>성공학,,
국내도서>자기계발>성공>성공학,,
국내도서>자기계발>성공>성공학,,
국내도서>자기계발>성공>성공학,,
국내도서>자기계발>성공>성공학,,
국내도서>자기계발>성공>성공학,,
국내도서>자기계발>성공>성공학,,
국내도서>자기계발>성공>성공학,,
국내도서>자기계발>성공>성공학,,
국내도서>자기계발>성공>성공학,,
국내도서>자기계발>성공>성공학,,
국내도서>자기계발>성공>성공학,,
국내도서>자기계발>성공>성공학,,
국내도서>자기계발>성공>성공학,,
국내도서>자기계발>성공>성공학,,
국내도서>자기계발>성공>성공학,,
국내도서>자기계발>성공>성공학,,
국내도서>자기계발>성공>성공학,,
국내도서>자기계발>성공>성공학,,
국내도서>자기계발>성공>성공학,,
국내도서>자기계발>성공>성공학,,
국내도서>자기계발>성공>성공학,,
국내도서>자기계발>성공>성공학,,
국내도서>자기계발>성공>성공학,,
국내도서>자기계발>성공>성공학,,
국내도서>자기계발>성공>성공학,,
국내도서>자기계발>성공>성공학,,
국내도서>자기계발>성공>성공학,,
국내도서>자기계발>성공>성공학,,
국내도서>자기계발>성공>성공학,,
국내도서>자기계발>성공>성공학,,
국내도서>자기계발>성공>성공학,,
국내도서>자기계발>성공>성공학,,
국내도서>자기계발>성공>성공학,,
국내도서>자기계발>성공>성공학,,
국내도서>자기계발>성공>성공학,,
국내도서>자기계발>성공>성공학,,
국내도서>자기계발>성공>성공학,,
국내도서>자기계발>성공>성공학,,
국내도서>자기계발>성공>성공학,,
국내도서>자기계발>성공>성공학,,
국내도서>자기계발>성공>성공학,,
국내도서>자기계발>성공>성공학,,
국내도서>자기계발>성공>성공학,,
국내도서>자기계발>성공>성공학,,
국내도서>자기계발>성공>성공학,,
국내도서>자기계발>성공>성공학,,
국내도서>자기계발>성공>성공학,,
국내도서>자기계발>성공>성공학,,
국내도서>자기계발>성공>성공학,,
국내도서>자기계발>성공>성공학,,
국내도서>자기계발>성공>성공학,,
국내도서>자기계발>성공>성공학,,
국내도서>자기계발>성공>성공학,,
국내도서>자기계발>성공>성공학,,
국내도서>자기계발>성공>성공학,,
국내도서>자기계발>성공>성공학,,
국내도서>자기계발>성공>성공학,,
국내도서>자기계발>성공>성공학,,
국내도서>자기계발>성공>성공학,,
국내도서>자기계발>성공>성공학,,
국내도서>자기계발>성공>성공학,,
국내도서>자기계발>성공>성공학,,
국내도서>자기계발>성공>성공학,,
국내도서>자기계발>성공>성공학,,
국내도서>자기계발>시간관리/정보관리>시간관리,,
국내도서>자기계발>시간관리/정보관리>시간관리,,
국내도서>자기계발>시간관리/정보관리>시간관리,,
국내도서>자기계발>시간관리/정보관리>시간관리,,
국내도서>자기계발>시간관리/정보관리>시간관리,,
국내도서>자기계발>시간관리/정보관리>시간관리,,
국내도서>자기계발>여성의 자기계발,,
국내도서>자기계발>인간관계>교양심리학,,
국내도서>자기계발>인간관계>교양심리학,,
국내도서>자기계발>인간관계>교양심리학,,
국내도서>자기계발>인간관계>교양심리학,,
국내도서>자기계발>인간관계>교양심리학,,
국내도서>자기계발>인간관계>남녀관계,,
국내도서>자기계발>인간관계>인간관계,,
국내도서>자기계발>인간관계>인간관계,,
국내도서>자기계발>인간관계>인간관계,,
국내도서>자기계발>인간관계>인간관계,,
국내도서>자기계발>인간관계>인간관계,,
국내도서>자기계발>인간관계>인간관계,,
국내도서>자기계발>인간관계>인간관계,,
국내도서>자기계발>인간관계>인간관계,,
국내도서>자기계발>인간관계>인간관계,,
국내도서>자기계발>인간관계>인간관계,,
국내도서>자기계발>중년의 자기계발,,
국내도서>자기계발>중년의 자기계발,,
국내도서>자기계발>중년의 자기계발,,
국내도서>자기계발>중년의 자기계발,,
국내도서>자기계발>중년의 자기계발,,
국내도서>자기계발>창의적사고/두뇌계발,,
국내도서>자기계발>창의적사고/두뇌계발,,
국내도서>자기계발>창의적사고/두뇌계발,,
국내도서>자기계발>창의적사고/두뇌계발,,
국내도서>자기계발>창의적사고/두뇌계발,,
국내도서>자기계발>취업/진로/유망직업>크리에이터/1인미디어,,
국내도서>자기계발>행복론,,
국내도서>자기계발>행복론,,
국내도서>자기계발>행복론,,
국내도서>자기계발>행복론,,
국내도서>자기계발>행복론,,
국내도서>자기계발>협상/설득/화술>설득,,
국내도서>자기계발>협상/설득/화술>설득,,
국내도서>자기계발>협상/설득/화술>설득,,
국내도서>자기계발>협상/설득/화술>협상,,
국내도서>자기계발>협상/설득/화술>화술,,
국내도서>자기계발>협상/설득/화술>화술,,
국내도서>자기계발>협상/설득/화술>화술,,
국내도서>자기계발>협상/설득/화술>화술,,
국내도서>자기계발>협상/설득/화술>화술,,
국내도서>자기계발>협상/설득/화술>화술,,
국내도서>자기계발>협상/설득/화술>화술,,
국내도서>자기계발>협상/설득/화술>화술,,
국내도서>자기계발>협상/설득/화술>화술,,
국내도서>자기계발>협상/설득/화술>화술,,
국내도서>자기계발>협상/설득/화술>화술,,
국내도서>자기계발>협상/설득/화술>화술,,
국내도서>자기계발>힐링>마음 다스리기,,
국내도서>자기계발>힐링>마음 다스리기,,
국내도서>자기계발>힐링>마음 다스리기,,
국내도서>자기계발>힐링>마음 다스리기,,
국내도서>자기계발>힐링>마음 다스리기,,
국내도서>자기계발>힐링>마음 다스리기,,
국내도서>자기계발>힐링>마음 다스리기,,
국내도서>자기계발>힐링>마음 다스리기,,
국내도서>자기계발>힐링>마음 다스리기,,
국내도서>자기계발>힐링>마음 다스리기,,
국내도서>자기계발>힐링>마음 다스리기,,
국내도서>자기계발>힐링>마음 다스리기,,
국내도서>자기계발>힐링>마음 다스리기,,
국내도서>자기계발>힐링>마음 다스리기,,
국내도서>자기계발>힐링>마음 다스리기,,
국내도서>자기계발>힐링>마음 다스리기,,
국내도서>자기계발>힐링>마음 다스리기,,
국내도서>자기계발>힐링>마음 다스리기,,
국내도서>자기계발>힐링>마음 다스리기,,
국내도서>잡지>경제/경영,,
국내도서>잡지>경제/경영,,
국내도서>잡지>교양/문예/인문>교양,,
국내도서>잡지>독립/인디잡지,,
국내도서>전집/중고전집>인물/역사/사회,,
국내도서>전집/중고전집>전래/명작동화,,
국내도서>전집/중고전집>창작동화,,
국내도서>전집/중고전집>창작동화,,
국내도서>전집/중고전집>초등(1-3)저학년>문학/논술/고전,,
국내도서>전집/중고전집>초등(1-3)저학년>문학/논술/고전,,
국내도서>종교/역학>기독교(개신교)>기독교 문학,,
국내도서>종교/역학>기독교(개신교)>기독교 역사,,
국내도서>종교/역학>기독교(개신교)>기독교 역사,,
국내도서>종교/역학>기독교(개신교)>기독교(개신교) 교회>성경공부교재>어린이/청소년,,
국내도서>종교/역학>기독교(개신교)>기독교(개신교) 신앙생활>간증/영적성장,,
국내도서>종교/역학>기독교(개신교)>기독교(개신교) 신앙생활>사랑/결혼,,
국내도서>종교/역학>기독교(개신교)>기독교(개신교) 신앙생활>신앙생활일반,,
국내도서>종교/역학>기독교(개신교)>기독교(개신교) 신앙생활>신앙생활일반,,
국내도서>종교/역학>기독교(개신교)>기독교(개신교) 신앙생활>신앙생활일반,,
국내도서>종교/역학>기독교(개신교)>기독교(개신교) 어린이/청소년,,
국내도서>종교/역학>기독교(개신교)>성경의 이해,,
국내도서>종교/역학>불교>불교 경전/법문,,
국내도서>종교/역학>종교일반>종교의 이해,,
국내도서>좋은부모>부모교육,,
국내도서>좋은부모>육아>성장/발달,,
국내도서>좋은부모>육아>육아 일반,,
국내도서>좋은부모>초등 자녀,,
국내도서>청소년>청소년 고전,,
국내도서>청소년>청소년 고전,,
국내도서>청소년>청소년 문학>청소년 소설,,
국내도서>청소년>청소년 문학>청소년 소설,,
국내도서>청소년>청소년 문학>청소년 소설,,
국내도서>청소년>청소년 수학/과학,,
국내도서>청소년>청소년 수학/과학,,
국내도서>청소년>청소년 수학/과학,,
국내도서>청소년>청소년 수학/과학,,
국내도서>청소년>청소년 역사,,
국내도서>청소년>청소년 역사,,
국내도서>청소년>청소년 역사,,
국내도서>청소년>청소년 역사,,
국내도서>청소년>청소년 인문/사회,,
국내도서>청소년>청소년 인문/사회,,
국내도서>청소년>청소년 자기계발,,
국내도서>청소년>청소년 철학,,
국내도서>청소년>청소년 철학,,
국내도서>청소년>학습법,,
국내도서>초등학교참고서>초등영어전문교재>말하기/듣기,,
국내도서>컴퓨터/모바일>e비즈니스/창업>e-비즈니스/온라인 창업,,
국내도서>컴퓨터/모바일>e비즈니스/창업>e-비즈니스/온라인 창업,,
국내도서>컴퓨터/모바일>e비즈니스/창업>e-비즈니스/온라인 창업,,
국내도서>컴퓨터/모바일>e비즈니스/창업>e-비즈니스/온라인 창업,,
국내도서>컴퓨터/모바일>PC/게임/디지털 카메라>초보자를 위한 컴퓨터 책,,
국내도서>컴퓨터/모바일>그래픽/멀티미디어>그래픽 일반,,
국내도서>컴퓨터/모바일>그래픽/멀티미디어>그래픽 일반,,
국내도서>컴퓨터/모바일>그래픽/멀티미디어>그래픽 일반,,
국내도서>컴퓨터/모바일>그래픽/멀티미디어>프리미어/베가스,,
국내도서>컴퓨터/모바일>오피스(엑셀/파워포인트)>MS 오피스,,
국내도서>컴퓨터/모바일>컴퓨터 공학>자료구조/알고리즘,,
국내도서>컴퓨터/모바일>컴퓨터 공학>전산수학(SPSS/MATLAB),,
국내도서>컴퓨터/모바일>컴퓨터 공학>컴퓨터공학/전산학 개론,,
국내도서>컴퓨터/모바일>활용능력>컴퓨터활용능력>컴퓨터활용능력 필기,,
