순번,카테고리,카테고리종류,count
0,국내도서>가정/요리/뷰티>결혼/가족>부부관계,국내도서>가정/요리/뷰티>결혼/가족>부부관계,1
1,국내도서>가정/요리/뷰티>나라별 요리>한국요리,국내도서>가정/요리/뷰티>나라별 요리>한국요리,1
2,국내도서>가정/요리/뷰티>음식 이야기,국내도서>가정/요리/뷰티>음식 이야기,1
3,국내도서>건강/취미/레저>건강운동>요가/체조/스트레칭,국내도서>건강/취미/레저>건강운동>요가/체조/스트레칭,1
4,국내도서>건강/취미/레저>건강정보>건강에세이/건강정보,국내도서>건강/취미/레저>건강정보>건강에세이/건강정보,4
5,국내도서>건강/취미/레저>건강정보>건강에세이/건강정보,국내도서>건강/취미/레저>구기>야구,1
6,국내도서>건강/취미/레저>건강정보>건강에세이/건강정보,국내도서>건강/취미/레저>반려동물,1
7,국내도서>건강/취미/레저>건강정보>건강에세이/건강정보,국내도서>건강/취미/레저>스포츠/레저 기타>기타,1
8,국내도서>건강/취미/레저>구기>야구,국내도서>건강/취미/레저>원예>꽃꽂이,1
9,국내도서>건강/취미/레저>반려동물,국내도서>건강/취미/레저>원예>화훼,2
10,국내도서>건강/취미/레저>스포츠/레저 기타>기타,국내도서>건강/취미/레저>퍼즐/스도쿠/퀴즈,1
11,국내도서>건강/취미/레저>원예>꽃꽂이,국내도서>경제경영>[경제경영 사상가 20인]>피터 드러커,1
12,국내도서>건강/취미/레저>원예>화훼,국내도서>경제경영>[포브스 100대 기업]>애플,1
13,국내도서>건강/취미/레저>원예>화훼,국내도서>경제경영>[포브스 100대 기업]>월트디즈니,1
14,국내도서>건강/취미/레저>퍼즐/스도쿠/퀴즈,국내도서>경제경영>CEO/비즈니스맨을 위한 능력계발>기획/정보/문서관리,1
15,국내도서>경제경영>[경제경영 사상가 20인]>피터 드러커,국내도서>경제경영>CEO/비즈니스맨을 위한 능력계발>화술/협상/프레젠테이션,1
16,국내도서>경제경영>[포브스 100대 기업]>애플,국내도서>경제경영>경제학/경제일반>경제사/경제전망>세계 경제사/경제전망,7
17,국내도서>경제경영>[포브스 100대 기업]>월트디즈니,국내도서>경제경영>경제학/경제일반>경제사/경제전망>한국 경제사/경제전망,4
18,국내도서>경제경영>CEO/비즈니스맨을 위한 능력계발>기획/정보/문서관리,국내도서>경제경영>경제학/경제일반>경제이론/경제사상,2
19,국내도서>경제경영>CEO/비즈니스맨을 위한 능력계발>화술/협상/프레젠테이션,국내도서>경제경영>경제학/경제일반>경제이야기,3
20,국내도서>경제경영>경제학/경제일반>경제사/경제전망>세계 경제사/경제전망,국내도서>경제경영>경제학/경제일반>경제정책/비평,1
21,국내도서>경제경영>경제학/경제일반>경제사/경제전망>세계 경제사/경제전망,국내도서>경제경영>경제학/경제일반>화폐/금융/재정,3
22,국내도서>경제경영>경제학/경제일반>경제사/경제전망>세계 경제사/경제전망,국내도서>경제경영>기업 경영>e-비즈니스,3
23,국내도서>경제경영>경제학/경제일반>경제사/경제전망>세계 경제사/경제전망,국내도서>경제경영>기업 경영>경영 일반,7
24,국내도서>경제경영>경제학/경제일반>경제사/경제전망>세계 경제사/경제전망,국내도서>경제경영>기업 경영>경영전략/혁신,10
25,국내도서>경제경영>경제학/경제일반>경제사/경제전망>세계 경제사/경제전망,국내도서>경제경영>기업 경영>세무/재무/회계,5
26,국내도서>경제경영>경제학/경제일반>경제사/경제전망>세계 경제사/경제전망,국내도서>경제경영>기업 경영>조직/인력/성과관리,1
27,국내도서>경제경영>경제학/경제일반>경제사/경제전망>한국 경제사/경제전망,국내도서>경제경영>기업/경영자 스토리>국내 기업/경영자,1
28,국내도서>경제경영>경제학/경제일반>경제사/경제전망>한국 경제사/경제전망,국내도서>경제경영>기업/경영자 스토리>국외 기업/경영자,3
29,국내도서>경제경영>경제학/경제일반>경제사/경제전망>한국 경제사/경제전망,국내도서>경제경영>마케팅/세일즈>광고/홍보/PR,1
30,국내도서>경제경영>경제학/경제일반>경제사/경제전망>한국 경제사/경제전망,국내도서>경제경영>마케팅/세일즈>네트워크 마케팅,1
31,국내도서>경제경영>경제학/경제일반>경제이론/경제사상,국내도서>경제경영>마케팅/세일즈>마케팅/브랜드,7
32,국내도서>경제경영>경제학/경제일반>경제이론/경제사상,국내도서>경제경영>마케팅/세일즈>모바일/SNS,2
33,국내도서>경제경영>경제학/경제일반>경제이야기,국내도서>경제경영>마케팅/세일즈>트렌드/미래예측,7
34,국내도서>경제경영>경제학/경제일반>경제이야기,국내도서>경제경영>재테크/투자>가상/암호화폐,2
35,국내도서>경제경영>경제학/경제일반>경제이야기,국내도서>경제경영>재테크/투자>부동산/경매,29
36,국내도서>경제경영>경제학/경제일반>경제정책/비평,국내도서>경제경영>재테크/투자>재테크/투자 일반,30
37,국내도서>경제경영>경제학/경제일반>화폐/금융/재정,국내도서>경제경영>재테크/투자>주식/펀드,53
38,국내도서>경제경영>경제학/경제일반>화폐/금융/재정,국내도서>경제경영>창업/취업/은퇴>벤처/스타트업/인터넷창업,1
39,국내도서>경제경영>경제학/경제일반>화폐/금융/재정,국내도서>경제경영>창업/취업/은퇴>창업정보,1
40,국내도서>경제경영>기업 경영>e-비즈니스,국내도서>고전>동양고전사상>기타 동양고전사상,1
41,국내도서>경제경영>기업 경영>e-비즈니스,국내도서>고전>서양고전문학>서양고대문학,4
42,국내도서>경제경영>기업 경영>e-비즈니스,국내도서>과학>공학>공학 일반,1
43,국내도서>경제경영>기업 경영>경영 일반,국내도서>과학>공학>기계공학,1
44,국내도서>경제경영>기업 경영>경영 일반,국내도서>과학>과학사회학(STS),1
45,국내도서>경제경영>기업 경영>경영 일반,국내도서>과학>과학의 이해>과학사/기술사,4
46,국내도서>경제경영>기업 경영>경영 일반,국내도서>과학>과학의 이해>과학사상,1
47,국내도서>경제경영>기업 경영>경영 일반,국내도서>과학>기초과학/교양과학,31
48,국내도서>경제경영>기업 경영>경영 일반,국내도서>과학>농업>생태농업,1
49,국내도서>경제경영>기업 경영>경영 일반,국내도서>과학>뇌과학>뇌과학 일반,5
50,국내도서>경제경영>기업 경영>경영전략/혁신,국내도서>과학>동물과 식물>곤충,1
51,국내도서>경제경영>기업 경영>경영전략/혁신,국내도서>과학>동물과 식물>꽃과 나무,2
52,국내도서>경제경영>기업 경영>경영전략/혁신,국내도서>과학>동물과 식물>식물 일반,3
53,국내도서>경제경영>기업 경영>경영전략/혁신,국내도서>과학>물리학>물리학 일반,4
54,국내도서>경제경영>기업 경영>경영전략/혁신,국내도서>과학>물리학>상대성이론,1
55,국내도서>경제경영>기업 경영>경영전략/혁신,국내도서>과학>물리학>쉽게 배우는 물리학,4
56,국내도서>경제경영>기업 경영>경영전략/혁신,국내도서>과학>물리학>양자역학,1
57,국내도서>경제경영>기업 경영>경영전략/혁신,국내도서>과학>발명/발견,1
58,국내도서>경제경영>기업 경영>경영전략/혁신,국내도서>과학>생명과학>생명과학,5
59,국내도서>경제경영>기업 경영>경영전략/혁신,국내도서>과학>생명과학>생물학,5
60,국내도서>경제경영>기업 경영>세무/재무/회계,국내도서>과학>생명과학>생태학,1
61,국내도서>경제경영>기업 경영>세무/재무/회계,국내도서>과학>생명과학>진화론,3
62,국내도서>경제경영>기업 경영>세무/재무/회계,국내도서>과학>수학>수학 일반,5
63,국내도서>경제경영>기업 경영>세무/재무/회계,국내도서>과학>수학>쉽게 배우는 수학,1
64,국내도서>경제경영>기업 경영>세무/재무/회계,국내도서>과학>수학>확률/통계학,3
65,국내도서>경제경영>기업 경영>조직/인력/성과관리,국내도서>과학>의학,1
66,국내도서>경제경영>기업/경영자 스토리>국내 기업/경영자,국내도서>과학>인체의 이해,3
67,국내도서>경제경영>기업/경영자 스토리>국외 기업/경영자,국내도서>과학>지구과학>기상학/기후,4
68,국내도서>경제경영>기업/경영자 스토리>국외 기업/경영자,국내도서>과학>지구과학>지구,4
69,국내도서>경제경영>기업/경영자 스토리>국외 기업/경영자,국내도서>과학>지구과학>해양과학,1
70,국내도서>경제경영>마케팅/세일즈>광고/홍보/PR,국내도서>과학>천문학>우주과학,4
71,국내도서>경제경영>마케팅/세일즈>네트워크 마케팅,국내도서>과학>천문학>천문학/별자리/역법,1
72,국내도서>경제경영>마케팅/세일즈>마케팅/브랜드,국내도서>과학>화학>쉽게 배우는 화학,1
73,국내도서>경제경영>마케팅/세일즈>마케팅/브랜드,국내도서>과학>화학>일반화학,1
74,국내도서>경제경영>마케팅/세일즈>마케팅/브랜드,국내도서>대학교재/전문서적>경상계열>경영학,1
75,국내도서>경제경영>마케팅/세일즈>마케팅/브랜드,국내도서>대학교재/전문서적>경상계열>광고/마케팅,1
76,국내도서>경제경영>마케팅/세일즈>마케팅/브랜드,국내도서>대학교재/전문서적>경상계열>세무/회계,2
77,국내도서>경제경영>마케팅/세일즈>마케팅/브랜드,국내도서>대학교재/전문서적>경상계열>통계,4
78,국내도서>경제경영>마케팅/세일즈>마케팅/브랜드,국내도서>대학교재/전문서적>공학계열>공학일반,1
79,국내도서>경제경영>마케팅/세일즈>모바일/SNS,국내도서>대학교재/전문서적>공학계열>기계공학>기계설계/공작,1
80,국내도서>경제경영>마케팅/세일즈>모바일/SNS,국내도서>대학교재/전문서적>공학계열>기계공학>기초역학/열역학/역학일반,1
81,국내도서>경제경영>마케팅/세일즈>트렌드/미래예측,국내도서>대학교재/전문서적>공학계열>전기전자공학>신호처리/제어,5
82,국내도서>경제경영>마케팅/세일즈>트렌드/미래예측,국내도서>대학교재/전문서적>공학계열>전기전자공학>전기전자 개론,2
83,국내도서>경제경영>마케팅/세일즈>트렌드/미래예측,국내도서>대학교재/전문서적>공학계열>전기전자공학>전자기학,1
84,국내도서>경제경영>마케팅/세일즈>트렌드/미래예측,국내도서>대학교재/전문서적>공학계열>화학/금속/재료공학>화학공학 기초,1
85,국내도서>경제경영>마케팅/세일즈>트렌드/미래예측,국내도서>대학교재/전문서적>농축산생명계열>농림수산학,1
86,국내도서>경제경영>마케팅/세일즈>트렌드/미래예측,국내도서>대학교재/전문서적>의약학간호계열>기초의학>면역학,1
87,국내도서>경제경영>마케팅/세일즈>트렌드/미래예측,국내도서>대학교재/전문서적>의약학간호계열>약학>약제학/제재학,1
88,국내도서>경제경영>재테크/투자>가상/암호화폐,국내도서>대학교재/전문서적>의약학간호계열>외과>정형외과,1
89,국내도서>경제경영>재테크/투자>가상/암호화폐,국내도서>대학교재/전문서적>의약학간호계열>의학 일반>정신의학,1
90,국내도서>경제경영>재테크/투자>부동산/경매,국내도서>대학교재/전문서적>의약학간호계열>임상의학>신경정신과,1
91,국내도서>경제경영>재테크/투자>부동산/경매,국내도서>대학교재/전문서적>의약학간호계열>임상의학>안과,1
92,국내도서>경제경영>재테크/투자>부동산/경매,국내도서>대학교재/전문서적>의약학간호계열>참고도서/백서,1
93,국내도서>경제경영>재테크/투자>부동산/경매,국내도서>대학교재/전문서적>인문계열>역사학,1
94,국내도서>경제경영>재테크/투자>부동산/경매,국내도서>대학교재/전문서적>자연과학계열>물리학,2
95,국내도서>경제경영>재테크/투자>부동산/경매,국내도서>대학교재/전문서적>자연과학계열>생물학,3
96,국내도서>경제경영>재테크/투자>부동산/경매,국내도서>대학교재/전문서적>자연과학계열>수학,7
97,국내도서>경제경영>재테크/투자>부동산/경매,국내도서>대학교재/전문서적>자연과학계열>화학,3
98,국내도서>경제경영>재테크/투자>부동산/경매,국내도서>만화>교양만화>인문/교양,2
99,국내도서>경제경영>재테크/투자>부동산/경매,국내도서>사회과학>법과 생활>법률이야기/법조인이야기,2
100,국내도서>경제경영>재테크/투자>부동산/경매,국내도서>사회과학>비평/칼럼>한국사회비평/칼럼,1
101,국내도서>경제경영>재테크/투자>부동산/경매,국내도서>사회과학>사회문제>빈곤/불평등문제,1
102,국내도서>경제경영>재테크/투자>부동산/경매,국내도서>사회과학>사회문제>사회문제 일반,2
103,국내도서>경제경영>재테크/투자>부동산/경매,국내도서>사회과학>사회사상/사회사상사>마르크스주의>고전 마르크스주의,3
104,국내도서>경제경영>재테크/투자>부동산/경매,국내도서>사회과학>사회사상/사회사상사>사회사상/사회사상사 일반,6
105,국내도서>경제경영>재테크/투자>부동산/경매,국내도서>사회과학>사회운동>사회운동 일반,1
106,국내도서>경제경영>재테크/투자>부동산/경매,국내도서>사회과학>사회학>사회학 일반,2
107,국내도서>경제경영>재테크/투자>부동산/경매,국내도서>사회과학>정치학/외교학/행정학>세계패권과 국제질서,1
108,국내도서>경제경영>재테크/투자>부동산/경매,국내도서>사회과학>정치학/외교학/행정학>외교정책/외교학,2
109,국내도서>경제경영>재테크/투자>부동산/경매,국내도서>사회과학>정치학/외교학/행정학>정치학 일반,2
110,국내도서>경제경영>재테크/투자>부동산/경매,국내도서>사회과학>지리학/지정학>지리학,1
111,국내도서>경제경영>재테크/투자>부동산/경매,국내도서>사회과학>지리학/지정학>지정학,2
112,국내도서>경제경영>재테크/투자>부동산/경매,국내도서>사회과학>환경/생태문제>환경문제,5
113,국내도서>경제경영>재테크/투자>부동산/경매,국내도서>사회과학>환경/생태문제>환경학 일반,3
114,국내도서>경제경영>재테크/투자>부동산/경매,국내도서>소설/시/희곡>과학소설(SF)>외국 과학소설,5
115,국내도서>경제경영>재테크/투자>부동산/경매,국내도서>소설/시/희곡>과학소설(SF)>한국 과학소설,3
116,국내도서>경제경영>재테크/투자>부동산/경매,국내도서>소설/시/희곡>독일소설,18
117,국내도서>경제경영>재테크/투자>부동산/경매,국내도서>소설/시/희곡>라이트 노벨>기타 라이트노벨,2
118,국내도서>경제경영>재테크/투자>부동산/경매,국내도서>소설/시/희곡>러시아소설,16
119,국내도서>경제경영>재테크/투자>재테크/투자 일반,국내도서>소설/시/희곡>로맨스소설>한국 로맨스소설,5
120,국내도서>경제경영>재테크/투자>재테크/투자 일반,국내도서>소설/시/희곡>문학 잡지>기타,2
121,국내도서>경제경영>재테크/투자>재테크/투자 일반,국내도서>소설/시/희곡>문학 잡지>문학동네,1
122,국내도서>경제경영>재테크/투자>재테크/투자 일반,국내도서>소설/시/희곡>문학 잡지>자음과모음,1
123,국내도서>경제경영>재테크/투자>재테크/투자 일반,국내도서>소설/시/희곡>문학 잡지>창작과비평,1
124,국내도서>경제경영>재테크/투자>재테크/투자 일반,국내도서>소설/시/희곡>문학의 이해>소설론,1
125,국내도서>경제경영>재테크/투자>재테크/투자 일반,국내도서>소설/시/희곡>문학의 이해>시론,1
126,국내도서>경제경영>재테크/투자>재테크/투자 일반,국내도서>소설/시/희곡>문학의 이해>창작.문장작법,1
127,국내도서>경제경영>재테크/투자>재테크/투자 일반,국내도서>소설/시/희곡>세계의 문학>독일문학,1
128,국내도서>경제경영>재테크/투자>재테크/투자 일반,국내도서>소설/시/희곡>세계의 문학>영국문학,1
129,국내도서>경제경영>재테크/투자>재테크/투자 일반,국내도서>소설/시/희곡>세계의 문학>프랑스문학,1
130,국내도서>경제경영>재테크/투자>재테크/투자 일반,국내도서>소설/시/희곡>세계의 소설>기타 국가 소설,5
131,국내도서>경제경영>재테크/투자>재테크/투자 일반,국내도서>소설/시/희곡>세계의 소설>동유럽소설,2
132,국내도서>경제경영>재테크/투자>재테크/투자 일반,국내도서>소설/시/희곡>세계의 소설>북유럽소설,2
133,국내도서>경제경영>재테크/투자>재테크/투자 일반,국내도서>소설/시/희곡>세계의 소설>아일랜드소설,1
134,국내도서>경제경영>재테크/투자>재테크/투자 일반,국내도서>소설/시/희곡>세계의 소설>이탈리아소설,2
135,국내도서>경제경영>재테크/투자>재테크/투자 일반,국내도서>소설/시/희곡>스페인/중남미소설,8
136,국내도서>경제경영>재테크/투자>재테크/투자 일반,국내도서>소설/시/희곡>시>외국시,5
137,국내도서>경제경영>재테크/투자>재테크/투자 일반,국내도서>소설/시/희곡>시>유고시집,1
138,국내도서>경제경영>재테크/투자>재테크/투자 일반,국내도서>소설/시/희곡>시>한국시,12
139,국내도서>경제경영>재테크/투자>재테크/투자 일반,국내도서>소설/시/희곡>액션/스릴러소설>외국 액션/스릴러소설,3
140,국내도서>경제경영>재테크/투자>재테크/투자 일반,국내도서>소설/시/희곡>역사소설>외국 역사소설,4
141,국내도서>경제경영>재테크/투자>재테크/투자 일반,국내도서>소설/시/희곡>영미소설,53
142,국내도서>경제경영>재테크/투자>재테크/투자 일반,국내도서>소설/시/희곡>우리나라 옛글>산문,2
143,국내도서>경제경영>재테크/투자>재테크/투자 일반,국내도서>소설/시/희곡>일본소설>1950년대 이전 일본소설,1
144,국내도서>경제경영>재테크/투자>재테크/투자 일반,국내도서>소설/시/희곡>일본소설>1950년대 이후 일본소설,12
145,국내도서>경제경영>재테크/투자>재테크/투자 일반,국내도서>소설/시/희곡>추리/미스터리소설>기타국가 추리/미스터리소설,1
146,국내도서>경제경영>재테크/투자>재테크/투자 일반,국내도서>소설/시/희곡>추리/미스터리소설>영미 추리/미스터리소설,1
147,국내도서>경제경영>재테크/투자>재테크/투자 일반,국내도서>소설/시/희곡>추리/미스터리소설>일본 추리/미스터리소설,13
148,국내도서>경제경영>재테크/투자>재테크/투자 일반,국내도서>소설/시/희곡>추리/미스터리소설>한국 추리/미스터리소설,3
149,국내도서>경제경영>재테크/투자>주식/펀드,국내도서>소설/시/희곡>판타지/환상문학>외국판타지/환상소설,6
150,국내도서>경제경영>재테크/투자>주식/펀드,국내도서>소설/시/희곡>판타지/환상문학>한국판타지/환상소설,6
151,국내도서>경제경영>재테크/투자>주식/펀드,국내도서>소설/시/희곡>프랑스소설,28
152,국내도서>경제경영>재테크/투자>주식/펀드,국내도서>소설/시/희곡>한국소설>2000년대 이전 한국소설,4
153,국내도서>경제경영>재테크/투자>주식/펀드,국내도서>소설/시/희곡>한국소설>2000년대 이후 한국소설,39
154,국내도서>경제경영>재테크/투자>주식/펀드,국내도서>소설/시/희곡>호러.공포소설>외국 호러.공포소설,2
155,국내도서>경제경영>재테크/투자>주식/펀드,국내도서>소설/시/희곡>호러.공포소설>한국 호러.공포소설,1
156,국내도서>경제경영>재테크/투자>주식/펀드,국내도서>소설/시/희곡>희곡>외국희곡,5
157,국내도서>경제경영>재테크/투자>주식/펀드,국내도서>어린이>과학/수학/컴퓨터>과학 일반,1
158,국내도서>경제경영>재테크/투자>주식/펀드,국내도서>어린이>동화/명작/고전>세계명작,1
159,국내도서>경제경영>재테크/투자>주식/펀드,국내도서>에세이>명상에세이,1
160,국내도서>경제경영>재테크/투자>주식/펀드,국내도서>에세이>사진/그림 에세이,1
161,국내도서>경제경영>재테크/투자>주식/펀드,국내도서>에세이>외국에세이,4
162,국내도서>경제경영>재테크/투자>주식/펀드,국내도서>에세이>한국에세이,11
163,국내도서>경제경영>재테크/투자>주식/펀드,국내도서>역사>고고학,1
164,국내도서>경제경영>재테크/투자>주식/펀드,국내도서>역사>문화/역사기행>동서양 문화/역사기행,4
165,국내도서>경제경영>재테크/투자>주식/펀드,국내도서>역사>문화/역사기행>한국 문화/역사기행,1
166,국내도서>경제경영>재테크/투자>주식/펀드,국내도서>역사>서양사>로마사,2
167,국내도서>경제경영>재테크/투자>주식/펀드,국내도서>역사>서양사>서양고대사,6
168,국내도서>경제경영>재테크/투자>주식/펀드,국내도서>역사>서양사>서양근현대사,3
169,국내도서>경제경영>재테크/투자>주식/펀드,국내도서>역사>서양사>서양사일반,1
170,국내도서>경제경영>재테크/투자>주식/펀드,국내도서>역사>서양사>서양중세사,1
171,국내도서>경제경영>재테크/투자>주식/펀드,국내도서>역사>세계사 일반,39
172,국내도서>경제경영>재테크/투자>주식/펀드,국내도서>역사>아메리카사>미국/캐나다사,3
173,국내도서>경제경영>재테크/투자>주식/펀드,국내도서>역사>아시아사>동아시아/극동아시아사,1
174,국내도서>경제경영>재테크/투자>주식/펀드,국내도서>역사>아시아사>서남아시아사,2
175,국내도서>경제경영>재테크/투자>주식/펀드,국내도서>역사>아시아사>중앙아시아사,6
176,국내도서>경제경영>재테크/투자>주식/펀드,국내도서>역사>아프리카/오세아니아사,1
177,국내도서>경제경영>재테크/투자>주식/펀드,국내도서>역사>역사학>역사학 일반,3
178,국내도서>경제경영>재테크/투자>주식/펀드,국내도서>역사>유럽사>독일/오스트리아사,1
179,국내도서>경제경영>재테크/투자>주식/펀드,국내도서>역사>유럽사>동유럽사,1
180,국내도서>경제경영>재테크/투자>주식/펀드,국내도서>역사>유럽사>영국사,3
181,국내도서>경제경영>재테크/투자>주식/펀드,국내도서>역사>이슬람/중동/이스라엘>고대 문명 태동기,1
182,국내도서>경제경영>재테크/투자>주식/펀드,국내도서>역사>이슬람/중동/이스라엘>중세시대,1
183,국내도서>경제경영>재테크/투자>주식/펀드,국내도서>역사>일본사>일본사 일반,1
184,국내도서>경제경영>재테크/투자>주식/펀드,국내도서>역사>조선사>조선시대 일반,5
185,국내도서>경제경영>재테크/투자>주식/펀드,국내도서>역사>조선사>조선전기(개국~임진왜란 이전),5
186,국내도서>경제경영>재테크/투자>주식/펀드,국내도서>역사>조선사>조선중기(임진왜란~경종),3
187,국내도서>경제경영>재테크/투자>주식/펀드,국내도서>역사>조선사>조선후기(영조~순종),8
188,국내도서>경제경영>재테크/투자>주식/펀드,국내도서>역사>중국사>중국고대사(선사시대~진한시대),9
189,국내도서>경제경영>재테크/투자>주식/펀드,국내도서>역사>중국사>중국근세사(원~ 아편전쟁),2
190,국내도서>경제경영>재테크/투자>주식/펀드,국내도서>역사>중국사>중국근현대사(아편전쟁 이후),1
191,국내도서>경제경영>재테크/투자>주식/펀드,국내도서>역사>중국사>중국사 일반,4
192,국내도서>경제경영>재테크/투자>주식/펀드,"국내도서>역사>중국사>중국중세사(위진남북조~당,송)",1
193,국내도서>경제경영>재테크/투자>주식/펀드,국내도서>역사>학회/무크/계간지,1
194,국내도서>경제경영>재테크/투자>주식/펀드,국내도서>역사>한국고대~고려시대>한국고대사>발해,1
195,국내도서>경제경영>재테크/투자>주식/펀드,국내도서>역사>한국고대~고려시대>한국고대사>백제,1
196,국내도서>경제경영>재테크/투자>주식/펀드,국내도서>역사>한국고대~고려시대>한국고대사>신라/통일신라,1
197,국내도서>경제경영>재테크/투자>주식/펀드,국내도서>역사>한국근현대사>근대개화기,1
198,국내도서>경제경영>재테크/투자>주식/펀드,국내도서>역사>한국근현대사>일제치하/항일시대,4
199,국내도서>경제경영>재테크/투자>주식/펀드,국내도서>역사>한국근현대사>한국전쟁 이후~현재,5
200,국내도서>경제경영>재테크/투자>주식/펀드,국내도서>역사>한국근현대사>해방전후사/한국전쟁,2
201,국내도서>경제경영>재테크/투자>주식/펀드,국내도서>역사>한국사 일반,10
202,국내도서>경제경영>창업/취업/은퇴>벤처/스타트업/인터넷창업,국내도서>예술/대중문화>디자인/공예>디자인이론/비평/역사,1
203,국내도서>경제경영>창업/취업/은퇴>창업정보,국내도서>예술/대중문화>사진>사진집,1
204,국내도서>고전>동양고전사상>기타 동양고전사상,국내도서>예술/대중문화>예술/대중문화의 이해>미학/예술이론,1
205,국내도서>고전>서양고전문학>서양고대문학,국내도서>예술/대중문화>음악>음악가,1
206,국내도서>고전>서양고전문학>서양고대문학,국내도서>인문학>교양 인문학,10
207,국내도서>고전>서양고전문학>서양고대문학,국내도서>인문학>기호학/언어학>언어학/언어사,2
208,국내도서>고전>서양고전문학>서양고대문학,국내도서>인문학>동양철학>도가철학/노장철학>도가철학 일반,1
209,국내도서>과학>공학>공학 일반,국내도서>인문학>동양철학>동양철학 일반,3
210,국내도서>과학>공학>기계공학,국내도서>인문학>동양철학>유교철학/주역>공자/논어,1
211,국내도서>과학>과학사회학(STS),국내도서>인문학>동양철학>유교철학/주역>유교철학 일반,2
212,국내도서>과학>과학의 이해>과학사/기술사,국내도서>인문학>문화/문화이론>문화사,2
213,국내도서>과학>과학의 이해>과학사/기술사,국내도서>인문학>문화/문화이론>문화연구/문화이론,1
214,국내도서>과학>과학의 이해>과학사/기술사,국내도서>인문학>문화/문화이론>한국학/한국문화>한국문화유산,4
215,국내도서>과학>과학의 이해>과학사/기술사,국내도서>인문학>문화/문화이론>한국학/한국문화>한국인과 한국문화,2
216,국내도서>과학>과학의 이해>과학사상,국내도서>인문학>서양철학>고대철학>고대철학 일반,5
217,국내도서>과학>기초과학/교양과학,국내도서>인문학>서양철학>고대철학>소크라테스,1
218,국내도서>과학>기초과학/교양과학,국내도서>인문학>서양철학>고대철학>아리스토텔레스,2
219,국내도서>과학>기초과학/교양과학,국내도서>인문학>서양철학>고대철학>플라톤,1
220,국내도서>과학>기초과학/교양과학,국내도서>인문학>서양철학>과학철학,1
221,국내도서>과학>기초과학/교양과학,국내도서>인문학>서양철학>근대철학>근대철학 일반,1
222,국내도서>과학>기초과학/교양과학,국내도서>인문학>서양철학>독일철학,1
223,국내도서>과학>기초과학/교양과학,국내도서>인문학>서양철학>서양철학사,1
224,국내도서>과학>기초과학/교양과학,국내도서>인문학>서양철학>언어철학/분석철학,1
225,국내도서>과학>기초과학/교양과학,국내도서>인문학>서양철학>프랑스철학,1
226,국내도서>과학>기초과학/교양과학,국내도서>인문학>서양철학>현대철학>러셀/비트겐슈타인,1
227,국내도서>과학>기초과학/교양과학,국내도서>인문학>서양철학>현대철학>프리드리히 니체,2
228,국내도서>과학>기초과학/교양과학,국내도서>인문학>서지/출판>서지/문헌/도서관,1
229,국내도서>과학>기초과학/교양과학,국내도서>인문학>신화/종교학>그리스로마 신화,3
230,국내도서>과학>기초과학/교양과학,국내도서>인문학>신화/종교학>세계의 신화와 전설>서양의 신화와 전설,1
231,국내도서>과학>기초과학/교양과학,국내도서>인문학>신화/종교학>세계의 신화와 전설>세계의 신화와 전설 일반,1
232,국내도서>과학>기초과학/교양과학,국내도서>인문학>신화/종교학>종교학>종교학 일반,1
233,국내도서>과학>기초과학/교양과학,국내도서>인문학>심리학/정신분석학>교양 심리학,16
234,국내도서>과학>기초과학/교양과학,국내도서>인문학>심리학/정신분석학>뇌과학/인지심리학,4
235,국내도서>과학>기초과학/교양과학,국내도서>인문학>심리학/정신분석학>심리치료,2
236,국내도서>과학>기초과학/교양과학,국내도서>인문학>심리학/정신분석학>이론 심리학,1
237,국내도서>과학>기초과학/교양과학,국내도서>인문학>심리학/정신분석학>정신분석학,1
238,국내도서>과학>기초과학/교양과학,국내도서>인문학>인류학/고고학>인류학,1
239,국내도서>과학>기초과학/교양과학,국내도서>인문학>인문 에세이,5
240,국내도서>과학>기초과학/교양과학,국내도서>인문학>책읽기/글쓰기>글쓰기,8
241,국내도서>과학>기초과학/교양과학,국내도서>인문학>책읽기/글쓰기>책읽기,2
242,국내도서>과학>기초과학/교양과학,국내도서>인문학>철학 일반>교양 철학,4
243,국내도서>과학>기초과학/교양과학,국내도서>자기계발>20대의 자기계발,1
244,국내도서>과학>기초과학/교양과학,국내도서>자기계발>성공>성공담,6
245,국내도서>과학>기초과학/교양과학,국내도서>자기계발>성공>성공학,87
246,국내도서>과학>기초과학/교양과학,국내도서>자기계발>시간관리/정보관리>시간관리,6
247,국내도서>과학>기초과학/교양과학,국내도서>자기계발>시간관리/정보관리>정보관리,1
248,국내도서>과학>농업>생태농업,국내도서>자기계발>여성의 자기계발,1
249,국내도서>과학>뇌과학>뇌과학 일반,국내도서>자기계발>인간관계>교양심리학,5
250,국내도서>과학>뇌과학>뇌과학 일반,국내도서>자기계발>인간관계>인간관계,8
251,국내도서>과학>뇌과학>뇌과학 일반,국내도서>자기계발>중년의 자기계발,3
252,국내도서>과학>뇌과학>뇌과학 일반,국내도서>자기계발>창의적사고/두뇌계발,5
253,국내도서>과학>뇌과학>뇌과학 일반,국내도서>자기계발>취업/진로/유망직업>크리에이터/1인미디어,1
254,국내도서>과학>동물과 식물>곤충,국내도서>자기계발>행복론,6
255,국내도서>과학>동물과 식물>꽃과 나무,국내도서>자기계발>협상/설득/화술>설득,2
256,국내도서>과학>동물과 식물>꽃과 나무,국내도서>자기계발>협상/설득/화술>협상,1
257,국내도서>과학>동물과 식물>식물 일반,국내도서>자기계발>협상/설득/화술>화술,10
258,국내도서>과학>동물과 식물>식물 일반,국내도서>자기계발>힐링>마음 다스리기,17
259,국내도서>과학>동물과 식물>식물 일반,국내도서>잡지>경제/경영,1
260,국내도서>과학>물리학>물리학 일반,국내도서>종교/역학>기독교(개신교)>기독교 역사,2
261,국내도서>과학>물리학>물리학 일반,국내도서>종교/역학>기독교(개신교)>기독교(개신교) 신앙생활>신앙생활일반,1
262,국내도서>과학>물리학>물리학 일반,국내도서>종교/역학>기독교(개신교)>성경의 이해,1
263,국내도서>과학>물리학>물리학 일반,국내도서>좋은부모>육아>성장/발달,1
264,국내도서>과학>물리학>상대성이론,국내도서>청소년>청소년 고전,1
265,국내도서>과학>물리학>쉽게 배우는 물리학,국내도서>청소년>청소년 문학>청소년 소설,1
266,국내도서>과학>물리학>쉽게 배우는 물리학,국내도서>청소년>청소년 수학/과학,2
267,국내도서>과학>물리학>쉽게 배우는 물리학,국내도서>청소년>청소년 역사,3
268,국내도서>과학>물리학>쉽게 배우는 물리학,국내도서>청소년>청소년 인문/사회,1
269,국내도서>과학>물리학>양자역학,국내도서>청소년>학습법,1
270,국내도서>과학>발명/발견,국내도서>컴퓨터/모바일>e비즈니스/창업>e-비즈니스/온라인 창업,4
271,국내도서>과학>생명과학>생명과학,국내도서>컴퓨터/모바일>그래픽/멀티미디어>그래픽 일반,2
272,국내도서>과학>생명과학>생명과학,국내도서>컴퓨터/모바일>오피스(엑셀/파워포인트)>MS 오피스,1
273,국내도서>과학>생명과학>생명과학,국내도서>컴퓨터/모바일>컴퓨터 공학>전산수학(SPSS/MATLAB),1
274,국내도서>과학>생명과학>생명과학,,
275,국내도서>과학>생명과학>생명과학,,
276,국내도서>과학>생명과학>생물학,,
277,국내도서>과학>생명과학>생물학,,
278,국내도서>과학>생명과학>생물학,,
279,국내도서>과학>생명과학>생물학,,
280,국내도서>과학>생명과학>생물학,,
281,국내도서>과학>생명과학>생태학,,
282,국내도서>과학>생명과학>진화론,,
283,국내도서>과학>생명과학>진화론,,
284,국내도서>과학>생명과학>진화론,,
285,국내도서>과학>수학>수학 일반,,
286,국내도서>과학>수학>수학 일반,,
287,국내도서>과학>수학>수학 일반,,
288,국내도서>과학>수학>수학 일반,,
289,국내도서>과학>수학>수학 일반,,
290,국내도서>과학>수학>쉽게 배우는 수학,,
291,국내도서>과학>수학>확률/통계학,,
292,국내도서>과학>수학>확률/통계학,,
293,국내도서>과학>수학>확률/통계학,,
294,국내도서>과학>의학,,
295,국내도서>과학>인체의 이해,,
296,국내도서>과학>인체의 이해,,
297,국내도서>과학>인체의 이해,,
298,국내도서>과학>지구과학>기상학/기후,,
299,국내도서>과학>지구과학>기상학/기후,,
300,국내도서>과학>지구과학>기상학/기후,,
301,국내도서>과학>지구과학>기상학/기후,,
302,국내도서>과학>지구과학>지구,,
303,국내도서>과학>지구과학>지구,,
304,국내도서>과학>지구과학>지구,,
305,국내도서>과학>지구과학>지구,,
306,국내도서>과학>지구과학>해양과학,,
307,국내도서>과학>천문학>우주과학,,
308,국내도서>과학>천문학>우주과학,,
309,국내도서>과학>천문학>우주과학,,
310,국내도서>과학>천문학>우주과학,,
311,국내도서>과학>천문학>천문학/별자리/역법,,
312,국내도서>과학>화학>쉽게 배우는 화학,,
313,국내도서>과학>화학>일반화학,,
314,국내도서>대학교재/전문서적>경상계열>경영학,,
315,국내도서>대학교재/전문서적>경상계열>광고/마케팅,,
316,국내도서>대학교재/전문서적>경상계열>세무/회계,,
317,국내도서>대학교재/전문서적>경상계열>세무/회계,,
318,국내도서>대학교재/전문서적>경상계열>통계,,
319,국내도서>대학교재/전문서적>경상계열>통계,,
320,국내도서>대학교재/전문서적>경상계열>통계,,
321,국내도서>대학교재/전문서적>경상계열>통계,,
322,국내도서>대학교재/전문서적>공학계열>공학일반,,
323,국내도서>대학교재/전문서적>공학계열>기계공학>기계설계/공작,,
324,국내도서>대학교재/전문서적>공학계열>기계공학>기초역학/열역학/역학일반,,
325,국내도서>대학교재/전문서적>공학계열>전기전자공학>신호처리/제어,,
326,국내도서>대학교재/전문서적>공학계열>전기전자공학>신호처리/제어,,
327,국내도서>대학교재/전문서적>공학계열>전기전자공학>신호처리/제어,,
328,국내도서>대학교재/전문서적>공학계열>전기전자공학>신호처리/제어,,
329,국내도서>대학교재/전문서적>공학계열>전기전자공학>신호처리/제어,,
330,국내도서>대학교재/전문서적>공학계열>전기전자공학>전기전자 개론,,
331,국내도서>대학교재/전문서적>공학계열>전기전자공학>전기전자 개론,,
332,국내도서>대학교재/전문서적>공학계열>전기전자공학>전자기학,,
333,국내도서>대학교재/전문서적>공학계열>화학/금속/재료공학>화학공학 기초,,
334,국내도서>대학교재/전문서적>농축산생명계열>농림수산학,,
335,국내도서>대학교재/전문서적>의약학간호계열>기초의학>면역학,,
336,국내도서>대학교재/전문서적>의약학간호계열>약학>약제학/제재학,,
337,국내도서>대학교재/전문서적>의약학간호계열>외과>정형외과,,
338,국내도서>대학교재/전문서적>의약학간호계열>의학 일반>정신의학,,
339,국내도서>대학교재/전문서적>의약학간호계열>임상의학>신경정신과,,
340,국내도서>대학교재/전문서적>의약학간호계열>임상의학>안과,,
341,국내도서>대학교재/전문서적>의약학간호계열>참고도서/백서,,
342,국내도서>대학교재/전문서적>인문계열>역사학,,
343,국내도서>대학교재/전문서적>자연과학계열>물리학,,
344,국내도서>대학교재/전문서적>자연과학계열>물리학,,
345,국내도서>대학교재/전문서적>자연과학계열>생물학,,
346,국내도서>대학교재/전문서적>자연과학계열>생물학,,
347,국내도서>대학교재/전문서적>자연과학계열>생물학,,
348,국내도서>대학교재/전문서적>자연과학계열>수학,,
349,국내도서>대학교재/전문서적>자연과학계열>수학,,
350,국내도서>대학교재/전문서적>자연과학계열>수학,,
351,국내도서>대학교재/전문서적>자연과학계열>수학,,
352,국내도서>대학교재/전문서적>자연과학계열>수학,,
353,국내도서>대학교재/전문서적>자연과학계열>수학,,
354,국내도서>대학교재/전문서적>자연과학계열>수학,,
355,국내도서>대학교재/전문서적>자연과학계열>화학,,
356,국내도서>대학교재/전문서적>자연과학계열>화학,,
357,국내도서>대학교재/전문서적>자연과학계열>화학,,
358,국내도서>만화>교양만화>인문/교양,,
359,국내도서>만화>교양만화>인문/교양,,
360,국내도서>사회과학>법과 생활>법률이야기/법조인이야기,,
361,국내도서>사회과학>법과 생활>법률이야기/법조인이야기,,
362,국내도서>사회과학>비평/칼럼>한국사회비평/칼럼,,
363,국내도서>사회과학>사회문제>빈곤/불평등문제,,
364,국내도서>사회과학>사회문제>사회문제 일반,,
365,국내도서>사회과학>사회문제>사회문제 일반,,
366,국내도서>사회과학>사회사상/사회사상사>마르크스주의>고전 마르크스주의,,
367,국내도서>사회과학>사회사상/사회사상사>마르크스주의>고전 마르크스주의,,
368,국내도서>사회과학>사회사상/사회사상사>마르크스주의>고전 마르크스주의,,
369,국내도서>사회과학>사회사상/사회사상사>사회사상/사회사상사 일반,,
370,국내도서>사회과학>사회사상/사회사상사>사회사상/사회사상사 일반,,
371,국내도서>사회과학>사회사상/사회사상사>사회사상/사회사상사 일반,,
372,국내도서>사회과학>사회사상/사회사상사>사회사상/사회사상사 일반,,
373,국내도서>사회과학>사회사상/사회사상사>사회사상/사회사상사 일반,,
374,국내도서>사회과학>사회사상/사회사상사>사회사상/사회사상사 일반,,
375,국내도서>사회과학>사회운동>사회운동 일반,,
376,국내도서>사회과학>사회학>사회학 일반,,
377,국내도서>사회과학>사회학>사회학 일반,,
378,국내도서>사회과학>정치학/외교학/행정학>세계패권과 국제질서,,
379,국내도서>사회과학>정치학/외교학/행정학>외교정책/외교학,,
380,국내도서>사회과학>정치학/외교학/행정학>외교정책/외교학,,
381,국내도서>사회과학>정치학/외교학/행정학>정치학 일반,,
382,국내도서>사회과학>정치학/외교학/행정학>정치학 일반,,
383,국내도서>사회과학>지리학/지정학>지리학,,
384,국내도서>사회과학>지리학/지정학>지정학,,
385,국내도서>사회과학>지리학/지정학>지정학,,
386,국내도서>사회과학>환경/생태문제>환경문제,,
387,국내도서>사회과학>환경/생태문제>환경문제,,
388,국내도서>사회과학>환경/생태문제>환경문제,,
389,국내도서>사회과학>환경/생태문제>환경문제,,
390,국내도서>사회과학>환경/생태문제>환경문제,,
391,국내도서>사회과학>환경/생태문제>환경학 일반,,
392,국내도서>사회과학>환경/생태문제>환경학 일반,,
393,국내도서>사회과학>환경/생태문제>환경학 일반,,
394,국내도서>소설/시/희곡>과학소설(SF)>외국 과학소설,,
395,국내도서>소설/시/희곡>과학소설(SF)>외국 과학소설,,
396,국내도서>소설/시/희곡>과학소설(SF)>외국 과학소설,,
397,국내도서>소설/시/희곡>과학소설(SF)>외국 과학소설,,
398,국내도서>소설/시/희곡>과학소설(SF)>외국 과학소설,,
399,국내도서>소설/시/희곡>과학소설(SF)>한국 과학소설,,
400,국내도서>소설/시/희곡>과학소설(SF)>한국 과학소설,,
401,국내도서>소설/시/희곡>과학소설(SF)>한국 과학소설,,
402,국내도서>소설/시/희곡>독일소설,,
403,국내도서>소설/시/희곡>독일소설,,
404,국내도서>소설/시/희곡>독일소설,,
405,국내도서>소설/시/희곡>독일소설,,
406,국내도서>소설/시/희곡>독일소설,,
407,국내도서>소설/시/희곡>독일소설,,
408,국내도서>소설/시/희곡>독일소설,,
409,국내도서>소설/시/희곡>독일소설,,
410,국내도서>소설/시/희곡>독일소설,,
411,국내도서>소설/시/희곡>독일소설,,
412,국내도서>소설/시/희곡>독일소설,,
413,국내도서>소설/시/희곡>독일소설,,
414,국내도서>소설/시/희곡>독일소설,,
415,국내도서>소설/시/희곡>독일소설,,
416,국내도서>소설/시/희곡>독일소설,,
417,국내도서>소설/시/희곡>독일소설,,
418,국내도서>소설/시/희곡>독일소설,,
419,국내도서>소설/시/희곡>독일소설,,
420,국내도서>소설/시/희곡>라이트 노벨>기타 라이트노벨,,
421,국내도서>소설/시/희곡>라이트 노벨>기타 라이트노벨,,
422,국내도서>소설/시/희곡>러시아소설,,
423,국내도서>소설/시/희곡>러시아소설,,
424,국내도서>소설/시/희곡>러시아소설,,
425,국내도서>소설/시/희곡>러시아소설,,
426,국내도서>소설/시/희곡>러시아소설,,
427,국내도서>소설/시/희곡>러시아소설,,
428,국내도서>소설/시/희곡>러시아소설,,
429,국내도서>소설/시/희곡>러시아소설,,
430,국내도서>소설/시/희곡>러시아소설,,
431,국내도서>소설/시/희곡>러시아소설,,
432,국내도서>소설/시/희곡>러시아소설,,
433,국내도서>소설/시/희곡>러시아소설,,
434,국내도서>소설/시/희곡>러시아소설,,
435,국내도서>소설/시/희곡>러시아소설,,
436,국내도서>소설/시/희곡>러시아소설,,
437,국내도서>소설/시/희곡>러시아소설,,
438,국내도서>소설/시/희곡>로맨스소설>한국 로맨스소설,,
439,국내도서>소설/시/희곡>로맨스소설>한국 로맨스소설,,
440,국내도서>소설/시/희곡>로맨스소설>한국 로맨스소설,,
441,국내도서>소설/시/희곡>로맨스소설>한국 로맨스소설,,
442,국내도서>소설/시/희곡>로맨스소설>한국 로맨스소설,,
443,국내도서>소설/시/희곡>문학 잡지>기타,,
444,국내도서>소설/시/희곡>문학 잡지>기타,,
445,국내도서>소설/시/희곡>문학 잡지>문학동네,,
446,국내도서>소설/시/희곡>문학 잡지>자음과모음,,
447,국내도서>소설/시/희곡>문학 잡지>창작과비평,,
448,국내도서>소설/시/희곡>문학의 이해>소설론,,
449,국내도서>소설/시/희곡>문학의 이해>시론,,
450,국내도서>소설/시/희곡>문학의 이해>창작.문장작법,,
451,국내도서>소설/시/희곡>세계의 문학>독일문학,,
452,국내도서>소설/시/희곡>세계의 문학>영국문학,,
453,국내도서>소설/시/희곡>세계의 문학>프랑스문학,,
454,국내도서>소설/시/희곡>세계의 소설>기타 국가 소설,,
455,국내도서>소설/시/희곡>세계의 소설>기타 국가 소설,,
456,국내도서>소설/시/희곡>세계의 소설>기타 국가 소설,,
457,국내도서>소설/시/희곡>세계의 소설>기타 국가 소설,,
458,국내도서>소설/시/희곡>세계의 소설>기타 국가 소설,,
459,국내도서>소설/시/희곡>세계의 소설>동유럽소설,,
460,국내도서>소설/시/희곡>세계의 소설>동유럽소설,,
461,국내도서>소설/시/희곡>세계의 소설>북유럽소설,,
462,국내도서>소설/시/희곡>세계의 소설>북유럽소설,,
463,국내도서>소설/시/희곡>세계의 소설>아일랜드소설,,
464,국내도서>소설/시/희곡>세계의 소설>이탈리아소설,,
465,국내도서>소설/시/희곡>세계의 소설>이탈리아소설,,
466,국내도서>소설/시/희곡>스페인/중남미소설,,
467,국내도서>소설/시/희곡>스페인/중남미소설,,
468,국내도서>소설/시/희곡>스페인/중남미소설,,
469,국내도서>소설/시/희곡>스페인/중남미소설,,
470,국내도서>소설/시/희곡>스페인/중남미소설,,
471,국내도서>소설/시/희곡>스페인/중남미소설,,
472,국내도서>소설/시/희곡>스페인/중남미소설,,
473,국내도서>소설/시/희곡>스페인/중남미소설,,
474,국내도서>소설/시/희곡>시>외국시,,
475,국내도서>소설/시/희곡>시>외국시,,
476,국내도서>소설/시/희곡>시>외국시,,
477,국내도서>소설/시/희곡>시>외국시,,
478,국내도서>소설/시/희곡>시>외국시,,
479,국내도서>소설/시/희곡>시>유고시집,,
480,국내도서>소설/시/희곡>시>한국시,,
481,국내도서>소설/시/희곡>시>한국시,,
482,국내도서>소설/시/희곡>시>한국시,,
483,국내도서>소설/시/희곡>시>한국시,,
484,국내도서>소설/시/희곡>시>한국시,,
485,국내도서>소설/시/희곡>시>한국시,,
486,국내도서>소설/시/희곡>시>한국시,,
487,국내도서>소설/시/희곡>시>한국시,,
488,국내도서>소설/시/희곡>시>한국시,,
489,국내도서>소설/시/희곡>시>한국시,,
490,국내도서>소설/시/희곡>시>한국시,,
491,국내도서>소설/시/희곡>시>한국시,,
492,국내도서>소설/시/희곡>액션/스릴러소설>외국 액션/스릴러소설,,
493,국내도서>소설/시/희곡>액션/스릴러소설>외국 액션/스릴러소설,,
494,국내도서>소설/시/희곡>액션/스릴러소설>외국 액션/스릴러소설,,
495,국내도서>소설/시/희곡>역사소설>외국 역사소설,,
496,국내도서>소설/시/희곡>역사소설>외국 역사소설,,
497,국내도서>소설/시/희곡>역사소설>외국 역사소설,,
498,국내도서>소설/시/희곡>역사소설>외국 역사소설,,
499,국내도서>소설/시/희곡>영미소설,,
500,국내도서>소설/시/희곡>영미소설,,
501,국내도서>소설/시/희곡>영미소설,,
502,국내도서>소설/시/희곡>영미소설,,
503,국내도서>소설/시/희곡>영미소설,,
504,국내도서>소설/시/희곡>영미소설,,
505,국내도서>소설/시/희곡>영미소설,,
506,국내도서>소설/시/희곡>영미소설,,
507,국내도서>소설/시/희곡>영미소설,,
508,국내도서>소설/시/희곡>영미소설,,
509,국내도서>소설/시/희곡>영미소설,,
510,국내도서>소설/시/희곡>영미소설,,
511,국내도서>소설/시/희곡>영미소설,,
512,국내도서>소설/시/희곡>영미소설,,
513,국내도서>소설/시/희곡>영미소설,,
514,국내도서>소설/시/희곡>영미소설,,
515,국내도서>소설/시/희곡>영미소설,,
516,국내도서>소설/시/희곡>영미소설,,
517,국내도서>소설/시/희곡>영미소설,,
518,국내도서>소설/시/희곡>영미소설,,
519,국내도서>소설/시/희곡>영미소설,,
520,국내도서>소설/시/희곡>영미소설,,
521,국내도서>소설/시/희곡>영미소설,,
522,국내도서>소설/시/희곡>영미소설,,
523,국내도서>소설/시/희곡>영미소설,,
524,국내도서>소설/시/희곡>영미소설,,
525,국내도서>소설/시/희곡>영미소설,,
526,국내도서>소설/시/희곡>영미소설,,
527,국내도서>소설/시/희곡>영미소설,,
528,국내도서>소설/시/희곡>영미소설,,
529,국내도서>소설/시/희곡>영미소설,,
530,국내도서>소설/시/희곡>영미소설,,
531,국내도서>소설/시/희곡>영미소설,,
532,국내도서>소설/시/희곡>영미소설,,
533,국내도서>소설/시/희곡>영미소설,,
534,국내도서>소설/시/희곡>영미소설,,
535,국내도서>소설/시/희곡>영미소설,,
536,국내도서>소설/시/희곡>영미소설,,
537,국내도서>소설/시/희곡>영미소설,,
538,국내도서>소설/시/희곡>영미소설,,
539,국내도서>소설/시/희곡>영미소설,,
540,국내도서>소설/시/희곡>영미소설,,
541,국내도서>소설/시/희곡>영미소설,,
542,국내도서>소설/시/희곡>영미소설,,
543,국내도서>소설/시/희곡>영미소설,,
544,국내도서>소설/시/희곡>영미소설,,
545,국내도서>소설/시/희곡>영미소설,,
546,국내도서>소설/시/희곡>영미소설,,
547,국내도서>소설/시/희곡>영미소설,,
548,국내도서>소설/시/희곡>영미소설,,
549,국내도서>소설/시/희곡>영미소설,,
550,국내도서>소설/시/희곡>영미소설,,
551,국내도서>소설/시/희곡>영미소설,,
552,국내도서>소설/시/희곡>우리나라 옛글>산문,,
553,국내도서>소설/시/희곡>우리나라 옛글>산문,,
554,국내도서>소설/시/희곡>일본소설>1950년대 이전 일본소설,,
555,국내도서>소설/시/희곡>일본소설>1950년대 이후 일본소설,,
556,국내도서>소설/시/희곡>일본소설>1950년대 이후 일본소설,,
557,국내도서>소설/시/희곡>일본소설>1950년대 이후 일본소설,,
558,국내도서>소설/시/희곡>일본소설>1950년대 이후 일본소설,,
559,국내도서>소설/시/희곡>일본소설>1950년대 이후 일본소설,,
560,국내도서>소설/시/희곡>일본소설>1950년대 이후 일본소설,,
561,국내도서>소설/시/희곡>일본소설>1950년대 이후 일본소설,,
562,국내도서>소설/시/희곡>일본소설>1950년대 이후 일본소설,,
563,국내도서>소설/시/희곡>일본소설>1950년대 이후 일본소설,,
564,국내도서>소설/시/희곡>일본소설>1950년대 이후 일본소설,,
565,국내도서>소설/시/희곡>일본소설>1950년대 이후 일본소설,,
566,국내도서>소설/시/희곡>일본소설>1950년대 이후 일본소설,,
567,국내도서>소설/시/희곡>추리/미스터리소설>기타국가 추리/미스터리소설,,
568,국내도서>소설/시/희곡>추리/미스터리소설>영미 추리/미스터리소설,,
569,국내도서>소설/시/희곡>추리/미스터리소설>일본 추리/미스터리소설,,
570,국내도서>소설/시/희곡>추리/미스터리소설>일본 추리/미스터리소설,,
571,국내도서>소설/시/희곡>추리/미스터리소설>일본 추리/미스터리소설,,
572,국내도서>소설/시/희곡>추리/미스터리소설>일본 추리/미스터리소설,,
573,국내도서>소설/시/희곡>추리/미스터리소설>일본 추리/미스터리소설,,
574,국내도서>소설/시/희곡>추리/미스터리소설>일본 추리/미스터리소설,,
575,국내도서>소설/시/희곡>추리/미스터리소설>일본 추리/미스터리소설,,
576,국내도서>소설/시/희곡>추리/미스터리소설>일본 추리/미스터리소설,,
577,국내도서>소설/시/희곡>추리/미스터리소설>일본 추리/미스터리소설,,
578,국내도서>소설/시/희곡>추리/미스터리소설>일본 추리/미스터리소설,,
579,국내도서>소설/시/희곡>추리/미스터리소설>일본 추리/미스터리소설,,
580,국내도서>소설/시/희곡>추리/미스터리소설>일본 추리/미스터리소설,,
581,국내도서>소설/시/희곡>추리/미스터리소설>일본 추리/미스터리소설,,
582,국내도서>소설/시/희곡>추리/미스터리소설>한국 추리/미스터리소설,,
583,국내도서>소설/시/희곡>추리/미스터리소설>한국 추리/미스터리소설,,
584,국내도서>소설/시/희곡>추리/미스터리소설>한국 추리/미스터리소설,,
585,국내도서>소설/시/희곡>판타지/환상문학>외국판타지/환상소설,,
586,국내도서>소설/시/희곡>판타지/환상문학>외국판타지/환상소설,,
587,국내도서>소설/시/희곡>판타지/환상문학>외국판타지/환상소설,,
588,국내도서>소설/시/희곡>판타지/환상문학>외국판타지/환상소설,,
589,국내도서>소설/시/희곡>판타지/환상문학>외국판타지/환상소설,,
590,국내도서>소설/시/희곡>판타지/환상문학>외국판타지/환상소설,,
591,국내도서>소설/시/희곡>판타지/환상문학>한국판타지/환상소설,,
592,국내도서>소설/시/희곡>판타지/환상문학>한국판타지/환상소설,,
593,국내도서>소설/시/희곡>판타지/환상문학>한국판타지/환상소설,,
594,국내도서>소설/시/희곡>판타지/환상문학>한국판타지/환상소설,,
595,국내도서>소설/시/희곡>판타지/환상문학>한국판타지/환상소설,,
596,국내도서>소설/시/희곡>판타지/환상문학>한국판타지/환상소설,,
597,국내도서>소설/시/희곡>프랑스소설,,
598,국내도서>소설/시/희곡>프랑스소설,,
599,국내도서>소설/시/희곡>프랑스소설,,
600,국내도서>소설/시/희곡>프랑스소설,,
601,국내도서>소설/시/희곡>프랑스소설,,
602,국내도서>소설/시/희곡>프랑스소설,,
603,국내도서>소설/시/희곡>프랑스소설,,
604,국내도서>소설/시/희곡>프랑스소설,,
605,국내도서>소설/시/희곡>프랑스소설,,
606,국내도서>소설/시/희곡>프랑스소설,,
607,국내도서>소설/시/희곡>프랑스소설,,
608,국내도서>소설/시/희곡>프랑스소설,,
609,국내도서>소설/시/희곡>프랑스소설,,
610,국내도서>소설/시/희곡>프랑스소설,,
611,국내도서>소설/시/희곡>프랑스소설,,
612,국내도서>소설/시/희곡>프랑스소설,,
613,국내도서>소설/시/희곡>프랑스소설,,
614,국내도서>소설/시/희곡>프랑스소설,,
615,국내도서>소설/시/희곡>프랑스소설,,
616,국내도서>소설/시/희곡>프랑스소설,,
617,국내도서>소설/시/희곡>프랑스소설,,
618,국내도서>소설/시/희곡>프랑스소설,,
619,국내도서>소설/시/희곡>프랑스소설,,
620,국내도서>소설/시/희곡>프랑스소설,,
621,국내도서>소설/시/희곡>프랑스소설,,
622,국내도서>소설/시/희곡>프랑스소설,,
623,국내도서>소설/시/희곡>프랑스소설,,
624,국내도서>소설/시/희곡>프랑스소설,,
625,국내도서>소설/시/희곡>한국소설>2000년대 이전 한국소설,,
626,국내도서>소설/시/희곡>한국소설>2000년대 이전 한국소설,,
627,국내도서>소설/시/희곡>한국소설>2000년대 이전 한국소설,,
628,국내도서>소설/시/희곡>한국소설>2000년대 이전 한국소설,,
629,국내도서>소설/시/희곡>한국소설>2000년대 이후 한국소설,,
630,국내도서>소설/시/희곡>한국소설>2000년대 이후 한국소설,,
631,국내도서>소설/시/희곡>한국소설>2000년대 이후 한국소설,,
632,국내도서>소설/시/희곡>한국소설>2000년대 이후 한국소설,,
633,국내도서>소설/시/희곡>한국소설>2000년대 이후 한국소설,,
634,국내도서>소설/시/희곡>한국소설>2000년대 이후 한국소설,,
635,국내도서>소설/시/희곡>한국소설>2000년대 이후 한국소설,,
636,국내도서>소설/시/희곡>한국소설>2000년대 이후 한국소설,,
637,국내도서>소설/시/희곡>한국소설>2000년대 이후 한국소설,,
638,국내도서>소설/시/희곡>한국소설>2000년대 이후 한국소설,,
639,국내도서>소설/시/희곡>한국소설>2000년대 이후 한국소설,,
640,국내도서>소설/시/희곡>한국소설>2000년대 이후 한국소설,,
641,국내도서>소설/시/희곡>한국소설>2000년대 이후 한국소설,,
642,국내도서>소설/시/희곡>한국소설>2000년대 이후 한국소설,,
643,국내도서>소설/시/희곡>한국소설>2000년대 이후 한국소설,,
644,국내도서>소설/시/희곡>한국소설>2000년대 이후 한국소설,,
645,국내도서>소설/시/희곡>한국소설>2000년대 이후 한국소설,,
646,국내도서>소설/시/희곡>한국소설>2000년대 이후 한국소설,,
647,국내도서>소설/시/희곡>한국소설>2000년대 이후 한국소설,,
648,국내도서>소설/시/희곡>한국소설>2000년대 이후 한국소설,,
649,국내도서>소설/시/희곡>한국소설>2000년대 이후 한국소설,,
650,국내도서>소설/시/희곡>한국소설>2000년대 이후 한국소설,,
651,국내도서>소설/시/희곡>한국소설>2000년대 이후 한국소설,,
652,국내도서>소설/시/희곡>한국소설>2000년대 이후 한국소설,,
653,국내도서>소설/시/희곡>한국소설>2000년대 이후 한국소설,,
654,국내도서>소설/시/희곡>한국소설>2000년대 이후 한국소설,,
655,국내도서>소설/시/희곡>한국소설>2000년대 이후 한국소설,,
656,국내도서>소설/시/희곡>한국소설>2000년대 이후 한국소설,,
657,국내도서>소설/시/희곡>한국소설>2000년대 이후 한국소설,,
658,국내도서>소설/시/희곡>한국소설>2000년대 이후 한국소설,,
659,국내도서>소설/시/희곡>한국소설>2000년대 이후 한국소설,,
660,국내도서>소설/시/희곡>한국소설>2000년대 이후 한국소설,,
661,국내도서>소설/시/희곡>한국소설>2000년대 이후 한국소설,,
662,국내도서>소설/시/희곡>한국소설>2000년대 이후 한국소설,,
663,국내도서>소설/시/희곡>한국소설>2000년대 이후 한국소설,,
664,국내도서>소설/시/희곡>한국소설>2000년대 이후 한국소설,,
665,국내도서>소설/시/희곡>한국소설>2000년대 이후 한국소설,,
666,국내도서>소설/시/희곡>한국소설>2000년대 이후 한국소설,,
667,국내도서>소설/시/희곡>한국소설>2000년대 이후 한국소설,,
668,국내도서>소설/시/희곡>호러.공포소설>외국 호러.공포소설,,
669,국내도서>소설/시/희곡>호러.공포소설>외국 호러.공포소설,,
670,국내도서>소설/시/희곡>호러.공포소설>한국 호러.공포소설,,
671,국내도서>소설/시/희곡>희곡>외국희곡,,
672,국내도서>소설/시/희곡>희곡>외국희곡,,
673,국내도서>소설/시/희곡>희곡>외국희곡,,
674,국내도서>소설/시/희곡>희곡>외국희곡,,
675,국내도서>소설/시/희곡>희곡>외국희곡,,
676,국내도서>어린이>과학/수학/컴퓨터>과학 일반,,
677,국내도서>어린이>동화/명작/고전>세계명작,,
678,국내도서>에세이>명상에세이,,
679,국내도서>에세이>사진/그림 에세이,,
680,국내도서>에세이>외국에세이,,
681,국내도서>에세이>외국에세이,,
682,국내도서>에세이>외국에세이,,
683,국내도서>에세이>외국에세이,,
684,국내도서>에세이>한국에세이,,
685,국내도서>에세이>한국에세이,,
686,국내도서>에세이>한국에세이,,
687,국내도서>에세이>한국에세이,,
688,국내도서>에세이>한국에세이,,
689,국내도서>에세이>한국에세이,,
690,국내도서>에세이>한국에세이,,
691,국내도서>에세이>한국에세이,,
692,국내도서>에세이>한국에세이,,
693,국내도서>에세이>한국에세이,,
694,국내도서>에세이>한국에세이,,
695,국내도서>역사>고고학,,
696,국내도서>역사>문화/역사기행>동서양 문화/역사기행,,
697,국내도서>역사>문화/역사기행>동서양 문화/역사기행,,
698,국내도서>역사>문화/역사기행>동서양 문화/역사기행,,
699,국내도서>역사>문화/역사기행>동서양 문화/역사기행,,
700,국내도서>역사>문화/역사기행>한국 문화/역사기행,,
701,국내도서>역사>서양사>로마사,,
702,국내도서>역사>서양사>로마사,,
703,국내도서>역사>서양사>서양고대사,,
704,국내도서>역사>서양사>서양고대사,,
705,국내도서>역사>서양사>서양고대사,,
706,국내도서>역사>서양사>서양고대사,,
707,국내도서>역사>서양사>서양고대사,,
708,국내도서>역사>서양사>서양고대사,,
709,국내도서>역사>서양사>서양근현대사,,
710,국내도서>역사>서양사>서양근현대사,,
711,국내도서>역사>서양사>서양근현대사,,
712,국내도서>역사>서양사>서양사일반,,
713,국내도서>역사>서양사>서양중세사,,
714,국내도서>역사>세계사 일반,,
715,국내도서>역사>세계사 일반,,
716,국내도서>역사>세계사 일반,,
717,국내도서>역사>세계사 일반,,
718,국내도서>역사>세계사 일반,,
719,국내도서>역사>세계사 일반,,
720,국내도서>역사>세계사 일반,,
721,국내도서>역사>세계사 일반,,
722,국내도서>역사>세계사 일반,,
723,국내도서>역사>세계사 일반,,
724,국내도서>역사>세계사 일반,,
725,국내도서>역사>세계사 일반,,
726,국내도서>역사>세계사 일반,,
727,국내도서>역사>세계사 일반,,
728,국내도서>역사>세계사 일반,,
729,국내도서>역사>세계사 일반,,
730,국내도서>역사>세계사 일반,,
731,국내도서>역사>세계사 일반,,
732,국내도서>역사>세계사 일반,,
733,국내도서>역사>세계사 일반,,
734,국내도서>역사>세계사 일반,,
735,국내도서>역사>세계사 일반,,
736,국내도서>역사>세계사 일반,,
737,국내도서>역사>세계사 일반,,
738,국내도서>역사>세계사 일반,,
739,국내도서>역사>세계사 일반,,
740,국내도서>역사>세계사 일반,,
741,국내도서>역사>세계사 일반,,
742,국내도서>역사>세계사 일반,,
743,국내도서>역사>세계사 일반,,
744,국내도서>역사>세계사 일반,,
745,국내도서>역사>세계사 일반,,
746,국내도서>역사>세계사 일반,,
747,국내도서>역사>세계사 일반,,
748,국내도서>역사>세계사 일반,,
749,국내도서>역사>세계사 일반,,
750,국내도서>역사>세계사 일반,,
751,국내도서>역사>세계사 일반,,
752,국내도서>역사>세계사 일반,,
753,국내도서>역사>아메리카사>미국/캐나다사,,
754,국내도서>역사>아메리카사>미국/캐나다사,,
755,국내도서>역사>아메리카사>미국/캐나다사,,
756,국내도서>역사>아시아사>동아시아/극동아시아사,,
757,국내도서>역사>아시아사>서남아시아사,,
758,국내도서>역사>아시아사>서남아시아사,,
759,국내도서>역사>아시아사>중앙아시아사,,
760,국내도서>역사>아시아사>중앙아시아사,,
761,국내도서>역사>아시아사>중앙아시아사,,
762,국내도서>역사>아시아사>중앙아시아사,,
763,국내도서>역사>아시아사>중앙아시아사,,
764,국내도서>역사>아시아사>중앙아시아사,,
765,국내도서>역사>아프리카/오세아니아사,,
766,국내도서>역사>역사학>역사학 일반,,
767,국내도서>역사>역사학>역사학 일반,,
768,국내도서>역사>역사학>역사학 일반,,
769,국내도서>역사>유럽사>독일/오스트리아사,,
770,국내도서>역사>유럽사>동유럽사,,
771,국내도서>역사>유럽사>영국사,,
772,국내도서>역사>유럽사>영국사,,
773,국내도서>역사>유럽사>영국사,,
774,국내도서>역사>이슬람/중동/이스라엘>고대 문명 태동기,,
775,국내도서>역사>이슬람/중동/이스라엘>중세시대,,
776,국내도서>역사>일본사>일본사 일반,,
777,국내도서>역사>조선사>조선시대 일반,,
778,국내도서>역사>조선사>조선시대 일반,,
779,국내도서>역사>조선사>조선시대 일반,,
780,국내도서>역사>조선사>조선시대 일반,,
781,국내도서>역사>조선사>조선시대 일반,,
782,국내도서>역사>조선사>조선전기(개국~임진왜란 이전),,
783,국내도서>역사>조선사>조선전기(개국~임진왜란 이전),,
784,국내도서>역사>조선사>조선전기(개국~임진왜란 이전),,
785,국내도서>역사>조선사>조선전기(개국~임진왜란 이전),,
786,국내도서>역사>조선사>조선전기(개국~임진왜란 이전),,
787,국내도서>역사>조선사>조선중기(임진왜란~경종),,
788,국내도서>역사>조선사>조선중기(임진왜란~경종),,
789,국내도서>역사>조선사>조선중기(임진왜란~경종),,
790,국내도서>역사>조선사>조선후기(영조~순종),,
791,국내도서>역사>조선사>조선후기(영조~순종),,
792,국내도서>역사>조선사>조선후기(영조~순종),,
793,국내도서>역사>조선사>조선후기(영조~순종),,
794,국내도서>역사>조선사>조선후기(영조~순종),,
795,국내도서>역사>조선사>조선후기(영조~순종),,
796,국내도서>역사>조선사>조선후기(영조~순종),,
797,국내도서>역사>조선사>조선후기(영조~순종),,
798,국내도서>역사>중국사>중국고대사(선사시대~진한시대),,
799,국내도서>역사>중국사>중국고대사(선사시대~진한시대),,
800,국내도서>역사>중국사>중국고대사(선사시대~진한시대),,
801,국내도서>역사>중국사>중국고대사(선사시대~진한시대),,
802,국내도서>역사>중국사>중국고대사(선사시대~진한시대),,
803,국내도서>역사>중국사>중국고대사(선사시대~진한시대),,
804,국내도서>역사>중국사>중국고대사(선사시대~진한시대),,
805,국내도서>역사>중국사>중국고대사(선사시대~진한시대),,
806,국내도서>역사>중국사>중국고대사(선사시대~진한시대),,
807,국내도서>역사>중국사>중국근세사(원~ 아편전쟁),,
808,국내도서>역사>중국사>중국근세사(원~ 아편전쟁),,
809,국내도서>역사>중국사>중국근현대사(아편전쟁 이후),,
810,국내도서>역사>중국사>중국사 일반,,
811,국내도서>역사>중국사>중국사 일반,,
812,국내도서>역사>중국사>중국사 일반,,
813,국내도서>역사>중국사>중국사 일반,,
814,"국내도서>역사>중국사>중국중세사(위진남북조~당,송)",,
815,국내도서>역사>학회/무크/계간지,,
816,국내도서>역사>한국고대~고려시대>한국고대사>발해,,
817,국내도서>역사>한국고대~고려시대>한국고대사>백제,,
818,국내도서>역사>한국고대~고려시대>한국고대사>신라/통일신라,,
819,국내도서>역사>한국근현대사>근대개화기,,
820,국내도서>역사>한국근현대사>일제치하/항일시대,,
821,국내도서>역사>한국근현대사>일제치하/항일시대,,
822,국내도서>역사>한국근현대사>일제치하/항일시대,,
823,국내도서>역사>한국근현대사>일제치하/항일시대,,
824,국내도서>역사>한국근현대사>한국전쟁 이후~현재,,
825,국내도서>역사>한국근현대사>한국전쟁 이후~현재,,
826,국내도서>역사>한국근현대사>한국전쟁 이후~현재,,
827,국내도서>역사>한국근현대사>한국전쟁 이후~현재,,
828,국내도서>역사>한국근현대사>한국전쟁 이후~현재,,
829,국내도서>역사>한국근현대사>해방전후사/한국전쟁,,
830,국내도서>역사>한국근현대사>해방전후사/한국전쟁,,
831,국내도서>역사>한국사 일반,,
832,국내도서>역사>한국사 일반,,
833,국내도서>역사>한국사 일반,,
834,국내도서>역사>한국사 일반,,
835,국내도서>역사>한국사 일반,,
836,국내도서>역사>한국사 일반,,
837,국내도서>역사>한국사 일반,,
838,국내도서>역사>한국사 일반,,
839,국내도서>역사>한국사 일반,,
840,국내도서>역사>한국사 일반,,
841,국내도서>예술/대중문화>디자인/공예>디자인이론/비평/역사,,
842,국내도서>예술/대중문화>사진>사진집,,
843,국내도서>예술/대중문화>예술/대중문화의 이해>미학/예술이론,,
844,국내도서>예술/대중문화>음악>음악가,,
845,국내도서>인문학>교양 인문학,,
846,국내도서>인문학>교양 인문학,,
847,국내도서>인문학>교양 인문학,,
848,국내도서>인문학>교양 인문학,,
849,국내도서>인문학>교양 인문학,,
850,국내도서>인문학>교양 인문학,,
851,국내도서>인문학>교양 인문학,,
852,국내도서>인문학>교양 인문학,,
853,국내도서>인문학>교양 인문학,,
854,국내도서>인문학>교양 인문학,,
855,국내도서>인문학>기호학/언어학>언어학/언어사,,
856,국내도서>인문학>기호학/언어학>언어학/언어사,,
857,국내도서>인문학>동양철학>도가철학/노장철학>도가철학 일반,,
858,국내도서>인문학>동양철학>동양철학 일반,,
859,국내도서>인문학>동양철학>동양철학 일반,,
860,국내도서>인문학>동양철학>동양철학 일반,,
861,국내도서>인문학>동양철학>유교철학/주역>공자/논어,,
862,국내도서>인문학>동양철학>유교철학/주역>유교철학 일반,,
863,국내도서>인문학>동양철학>유교철학/주역>유교철학 일반,,
864,국내도서>인문학>문화/문화이론>문화사,,
865,국내도서>인문학>문화/문화이론>문화사,,
866,국내도서>인문학>문화/문화이론>문화연구/문화이론,,
867,국내도서>인문학>문화/문화이론>한국학/한국문화>한국문화유산,,
868,국내도서>인문학>문화/문화이론>한국학/한국문화>한국문화유산,,
869,국내도서>인문학>문화/문화이론>한국학/한국문화>한국문화유산,,
870,국내도서>인문학>문화/문화이론>한국학/한국문화>한국문화유산,,
871,국내도서>인문학>문화/문화이론>한국학/한국문화>한국인과 한국문화,,
872,국내도서>인문학>문화/문화이론>한국학/한국문화>한국인과 한국문화,,
873,국내도서>인문학>서양철학>고대철학>고대철학 일반,,
874,국내도서>인문학>서양철학>고대철학>고대철학 일반,,
875,국내도서>인문학>서양철학>고대철학>고대철학 일반,,
876,국내도서>인문학>서양철학>고대철학>고대철학 일반,,
877,국내도서>인문학>서양철학>고대철학>고대철학 일반,,
878,국내도서>인문학>서양철학>고대철학>소크라테스,,
879,국내도서>인문학>서양철학>고대철학>아리스토텔레스,,
880,국내도서>인문학>서양철학>고대철학>아리스토텔레스,,
881,국내도서>인문학>서양철학>고대철학>플라톤,,
882,국내도서>인문학>서양철학>과학철학,,
883,국내도서>인문학>서양철학>근대철학>근대철학 일반,,
884,국내도서>인문학>서양철학>독일철학,,
885,국내도서>인문학>서양철학>서양철학사,,
886,국내도서>인문학>서양철학>언어철학/분석철학,,
887,국내도서>인문학>서양철학>프랑스철학,,
888,국내도서>인문학>서양철학>현대철학>러셀/비트겐슈타인,,
889,국내도서>인문학>서양철학>현대철학>프리드리히 니체,,
890,국내도서>인문학>서양철학>현대철학>프리드리히 니체,,
891,국내도서>인문학>서지/출판>서지/문헌/도서관,,
892,국내도서>인문학>신화/종교학>그리스로마 신화,,
893,국내도서>인문학>신화/종교학>그리스로마 신화,,
894,국내도서>인문학>신화/종교학>그리스로마 신화,,
895,국내도서>인문학>신화/종교학>세계의 신화와 전설>서양의 신화와 전설,,
896,국내도서>인문학>신화/종교학>세계의 신화와 전설>세계의 신화와 전설 일반,,
897,국내도서>인문학>신화/종교학>종교학>종교학 일반,,
898,국내도서>인문학>심리학/정신분석학>교양 심리학,,
899,국내도서>인문학>심리학/정신분석학>교양 심리학,,
900,국내도서>인문학>심리학/정신분석학>교양 심리학,,
901,국내도서>인문학>심리학/정신분석학>교양 심리학,,
902,국내도서>인문학>심리학/정신분석학>교양 심리학,,
903,국내도서>인문학>심리학/정신분석학>교양 심리학,,
904,국내도서>인문학>심리학/정신분석학>교양 심리학,,
905,국내도서>인문학>심리학/정신분석학>교양 심리학,,
906,국내도서>인문학>심리학/정신분석학>교양 심리학,,
907,국내도서>인문학>심리학/정신분석학>교양 심리학,,
908,국내도서>인문학>심리학/정신분석학>교양 심리학,,
909,국내도서>인문학>심리학/정신분석학>교양 심리학,,
910,국내도서>인문학>심리학/정신분석학>교양 심리학,,
911,국내도서>인문학>심리학/정신분석학>교양 심리학,,
912,국내도서>인문학>심리학/정신분석학>교양 심리학,,
913,국내도서>인문학>심리학/정신분석학>교양 심리학,,
914,국내도서>인문학>심리학/정신분석학>뇌과학/인지심리학,,
915,국내도서>인문학>심리학/정신분석학>뇌과학/인지심리학,,
916,국내도서>인문학>심리학/정신분석학>뇌과학/인지심리학,,
917,국내도서>인문학>심리학/정신분석학>뇌과학/인지심리학,,
918,국내도서>인문학>심리학/정신분석학>심리치료,,
919,국내도서>인문학>심리학/정신분석학>심리치료,,
920,국내도서>인문학>심리학/정신분석학>이론 심리학,,
921,국내도서>인문학>심리학/정신분석학>정신분석학,,
922,국내도서>인문학>인류학/고고학>인류학,,
923,국내도서>인문학>인문 에세이,,
924,국내도서>인문학>인문 에세이,,
925,국내도서>인문학>인문 에세이,,
926,국내도서>인문학>인문 에세이,,
927,국내도서>인문학>인문 에세이,,
928,국내도서>인문학>책읽기/글쓰기>글쓰기,,
929,국내도서>인문학>책읽기/글쓰기>글쓰기,,
930,국내도서>인문학>책읽기/글쓰기>글쓰기,,
931,국내도서>인문학>책읽기/글쓰기>글쓰기,,
932,국내도서>인문학>책읽기/글쓰기>글쓰기,,
933,국내도서>인문학>책읽기/글쓰기>글쓰기,,
934,국내도서>인문학>책읽기/글쓰기>글쓰기,,
935,국내도서>인문학>책읽기/글쓰기>글쓰기,,
936,국내도서>인문학>책읽기/글쓰기>책읽기,,
937,국내도서>인문학>책읽기/글쓰기>책읽기,,
938,국내도서>인문학>철학 일반>교양 철학,,
939,국내도서>인문학>철학 일반>교양 철학,,
940,국내도서>인문학>철학 일반>교양 철학,,
941,국내도서>인문학>철학 일반>교양 철학,,
942,국내도서>자기계발>20대의 자기계발,,
943,국내도서>자기계발>성공>성공담,,
944,국내도서>자기계발>성공>성공담,,
945,국내도서>자기계발>성공>성공담,,
946,국내도서>자기계발>성공>성공담,,
947,국내도서>자기계발>성공>성공담,,
948,국내도서>자기계발>성공>성공담,,
949,국내도서>자기계발>성공>성공학,,
950,국내도서>자기계발>성공>성공학,,
951,국내도서>자기계발>성공>성공학,,
952,국내도서>자기계발>성공>성공학,,
953,국내도서>자기계발>성공>성공학,,
954,국내도서>자기계발>성공>성공학,,
955,국내도서>자기계발>성공>성공학,,
956,국내도서>자기계발>성공>성공학,,
957,국내도서>자기계발>성공>성공학,,
958,국내도서>자기계발>성공>성공학,,
959,국내도서>자기계발>성공>성공학,,
960,국내도서>자기계발>성공>성공학,,
961,국내도서>자기계발>성공>성공학,,
962,국내도서>자기계발>성공>성공학,,
963,국내도서>자기계발>성공>성공학,,
964,국내도서>자기계발>성공>성공학,,
965,국내도서>자기계발>성공>성공학,,
966,국내도서>자기계발>성공>성공학,,
967,국내도서>자기계발>성공>성공학,,
968,국내도서>자기계발>성공>성공학,,
969,국내도서>자기계발>성공>성공학,,
970,국내도서>자기계발>성공>성공학,,
971,국내도서>자기계발>성공>성공학,,
972,국내도서>자기계발>성공>성공학,,
973,국내도서>자기계발>성공>성공학,,
974,국내도서>자기계발>성공>성공학,,
975,국내도서>자기계발>성공>성공학,,
976,국내도서>자기계발>성공>성공학,,
977,국내도서>자기계발>성공>성공학,,
978,국내도서>자기계발>성공>성공학,,
979,국내도서>자기계발>성공>성공학,,
980,국내도서>자기계발>성공>성공학,,
981,국내도서>자기계발>성공>성공학,,
982,국내도서>자기계발>성공>성공학,,
983,국내도서>자기계발>성공>성공학,,
984,국내도서>자기계발>성공>성공학,,
985,국내도서>자기계발>성공>성공학,,
986,국내도서>자기계발>성공>성공학,,
987,국내도서>자기계발>성공>성공학,,
988,국내도서>자기계발>성공>성공학,,
989,국내도서>자기계발>성공>성공학,,
990,국내도서>자기계발>성공>성공학,,
991,국내도서>자기계발>성공>성공학,,
992,국내도서>자기계발>성공>성공학,,
993,국내도서>자기계발>성공>성공학,,
994,국내도서>자기계발>성공>성공학,,
995,국내도서>자기계발>성공>성공학,,
996,국내도서>자기계발>성공>성공학,,
997,국내도서>자기계발>성공>성공학,,
998,국내도서>자기계발>성공>성공학,,
999,국내도서>자기계발>성공>성공학,,
1000,국내도서>자기계발>성공>성공학,,
1001,국내도서>자기계발>성공>성공학,,
1002,국내도서>자기계발>성공>성공학,,
1003,국내도서>자기계발>성공>성공학,,
1004,국내도서>자기계발>성공>성공학,,
1005,국내도서>자기계발>성공>성공학,,
1006,국내도서>자기계발>성공>성공학,,
1007,국내도서>자기계발>성공>성공학,,
1008,국내도서>자기계발>성공>성공학,,
1009,국내도서>자기계발>성공>성공학,,
1010,국내도서>자기계발>성공>성공학,,
1011,국내도서>자기계발>성공>성공학,,
1012,국내도서>자기계발>성공>성공학,,
1013,국내도서>자기계발>성공>성공학,,
1014,국내도서>자기계발>성공>성공학,,
1015,국내도서>자기계발>성공>성공학,,
1016,국내도서>자기계발>성공>성공학,,
1017,국내도서>자기계발>성공>성공학,,
1018,국내도서>자기계발>성공>성공학,,
1019,국내도서>자기계발>성공>성공학,,
1020,국내도서>자기계발>성공>성공학,,
1021,국내도서>자기계발>성공>성공학,,
1022,국내도서>자기계발>성공>성공학,,
1023,국내도서>자기계발>성공>성공학,,
1024,국내도서>자기계발>성공>성공학,,
1025,국내도서>자기계발>성공>성공학,,
1026,국내도서>자기계발>성공>성공학,,
1027,국내도서>자기계발>성공>성공학,,
1028,국내도서>자기계발>성공>성공학,,
1029,국내도서>자기계발>성공>성공학,,
1030,국내도서>자기계발>성공>성공학,,
1031,국내도서>자기계발>성공>성공학,,
1032,국내도서>자기계발>성공>성공학,,
1033,국내도서>자기계발>성공>성공학,,
1034,국내도서>자기계발>성공>성공학,,
1035,국내도서>자기계발>성공>성공학,,
1036,국내도서>자기계발>시간관리/정보관리>시간관리,,
1037,국내도서>자기계발>시간관리/정보관리>시간관리,,
1038,국내도서>자기계발>시간관리/정보관리>시간관리,,
1039,국내도서>자기계발>시간관리/정보관리>시간관리,,
1040,국내도서>자기계발>시간관리/정보관리>시간관리,,
1041,국내도서>자기계발>시간관리/정보관리>시간관리,,
1042,국내도서>자기계발>시간관리/정보관리>정보관리,,
1043,국내도서>자기계발>여성의 자기계발,,
1044,국내도서>자기계발>인간관계>교양심리학,,
1045,국내도서>자기계발>인간관계>교양심리학,,
1046,국내도서>자기계발>인간관계>교양심리학,,
1047,국내도서>자기계발>인간관계>교양심리학,,
1048,국내도서>자기계발>인간관계>교양심리학,,
1049,국내도서>자기계발>인간관계>인간관계,,
1050,국내도서>자기계발>인간관계>인간관계,,
1051,국내도서>자기계발>인간관계>인간관계,,
1052,국내도서>자기계발>인간관계>인간관계,,
1053,국내도서>자기계발>인간관계>인간관계,,
1054,국내도서>자기계발>인간관계>인간관계,,
1055,국내도서>자기계발>인간관계>인간관계,,
1056,국내도서>자기계발>인간관계>인간관계,,
1057,국내도서>자기계발>중년의 자기계발,,
1058,국내도서>자기계발>중년의 자기계발,,
1059,국내도서>자기계발>중년의 자기계발,,
1060,국내도서>자기계발>창의적사고/두뇌계발,,
1061,국내도서>자기계발>창의적사고/두뇌계발,,
1062,국내도서>자기계발>창의적사고/두뇌계발,,
1063,국내도서>자기계발>창의적사고/두뇌계발,,
1064,국내도서>자기계발>창의적사고/두뇌계발,,
1065,국내도서>자기계발>취업/진로/유망직업>크리에이터/1인미디어,,
1066,국내도서>자기계발>행복론,,
1067,국내도서>자기계발>행복론,,
1068,국내도서>자기계발>행복론,,
1069,국내도서>자기계발>행복론,,
1070,국내도서>자기계발>행복론,,
1071,국내도서>자기계발>행복론,,
1072,국내도서>자기계발>협상/설득/화술>설득,,
1073,국내도서>자기계발>협상/설득/화술>설득,,
1074,국내도서>자기계발>협상/설득/화술>협상,,
1075,국내도서>자기계발>협상/설득/화술>화술,,
1076,국내도서>자기계발>협상/설득/화술>화술,,
1077,국내도서>자기계발>협상/설득/화술>화술,,
1078,국내도서>자기계발>협상/설득/화술>화술,,
1079,국내도서>자기계발>협상/설득/화술>화술,,
1080,국내도서>자기계발>협상/설득/화술>화술,,
1081,국내도서>자기계발>협상/설득/화술>화술,,
1082,국내도서>자기계발>협상/설득/화술>화술,,
1083,국내도서>자기계발>협상/설득/화술>화술,,
1084,국내도서>자기계발>협상/설득/화술>화술,,
1085,국내도서>자기계발>힐링>마음 다스리기,,
1086,국내도서>자기계발>힐링>마음 다스리기,,
1087,국내도서>자기계발>힐링>마음 다스리기,,
1088,국내도서>자기계발>힐링>마음 다스리기,,
1089,국내도서>자기계발>힐링>마음 다스리기,,
1090,국내도서>자기계발>힐링>마음 다스리기,,
1091,국내도서>자기계발>힐링>마음 다스리기,,
1092,국내도서>자기계발>힐링>마음 다스리기,,
1093,국내도서>자기계발>힐링>마음 다스리기,,
1094,국내도서>자기계발>힐링>마음 다스리기,,
1095,국내도서>자기계발>힐링>마음 다스리기,,
1096,국내도서>자기계발>힐링>마음 다스리기,,
1097,국내도서>자기계발>힐링>마음 다스리기,,
1098,국내도서>자기계발>힐링>마음 다스리기,,
1099,국내도서>자기계발>힐링>마음 다스리기,,
1100,국내도서>자기계발>힐링>마음 다스리기,,
1101,국내도서>자기계발>힐링>마음 다스리기,,
1102,국내도서>잡지>경제/경영,,
1103,국내도서>종교/역학>기독교(개신교)>기독교 역사,,
1104,국내도서>종교/역학>기독교(개신교)>기독교 역사,,
1105,국내도서>종교/역학>기독교(개신교)>기독교(개신교) 신앙생활>신앙생활일반,,
1106,국내도서>종교/역학>기독교(개신교)>성경의 이해,,
1107,국내도서>좋은부모>육아>성장/발달,,
1108,국내도서>청소년>청소년 고전,,
1109,국내도서>청소년>청소년 문학>청소년 소설,,
1110,국내도서>청소년>청소년 수학/과학,,
1111,국내도서>청소년>청소년 수학/과학,,
1112,국내도서>청소년>청소년 역사,,
1113,국내도서>청소년>청소년 역사,,
1114,국내도서>청소년>청소년 역사,,
1115,국내도서>청소년>청소년 인문/사회,,
1116,국내도서>청소년>학습법,,
1117,국내도서>컴퓨터/모바일>e비즈니스/창업>e-비즈니스/온라인 창업,,
1118,국내도서>컴퓨터/모바일>e비즈니스/창업>e-비즈니스/온라인 창업,,
1119,국내도서>컴퓨터/모바일>e비즈니스/창업>e-비즈니스/온라인 창업,,
1120,국내도서>컴퓨터/모바일>e비즈니스/창업>e-비즈니스/온라인 창업,,
1121,국내도서>컴퓨터/모바일>그래픽/멀티미디어>그래픽 일반,,
1122,국내도서>컴퓨터/모바일>그래픽/멀티미디어>그래픽 일반,,
1123,국내도서>컴퓨터/모바일>오피스(엑셀/파워포인트)>MS 오피스,,
1124,국내도서>컴퓨터/모바일>컴퓨터 공학>전산수학(SPSS/MATLAB),,
